Weight,Diameter,Color,Supplier,Country,Season,Hybrid
215,8.35,Dark Red,Obeliskmato,India,Spring,Yes
118,5.43,Dark Red,Tomatoaster,Turkey,Summer,No
128,9.72,Red,Obeliskmato,Brazil,Spring,No
60,5.87,Dark Red,Tomatoaster,Brazil,Winter,No
213,3.00,Red,Tomatooryx,Turkey,Spring,Yes
146,8.38,Orange,Obeliskmato,India,Fall,Yes
206,7.05,Orange,Tomatooryx,Turkey,Summer,Yes
122,4.48,Dark Red,Tomatoaster,USA,Spring,No
132,7.44,Dark Red,Tomatoaster,Brazil,Winter,No
100,5.30,Red,Tomatosio,Brazil,Spring,No
224,8.22,Dark Red,Obeliskmato,China,Fall,Yes
168,3.50,Red,Tomatoaster,Spain,Summer,Yes
146,5.93,Red,Obeliskmato,Brazil,Fall,No
151,5.59,Orange,Obeliskmato,India,Summer,Yes
185,3.76,Dark Red,Tomatooryx,Spain,Winter,No
129,5.05,Dark Red,Tomatooryx,USA,Winter,No
148,8.08,Dark Red,Tomatosio,China,Summer,Yes
103,6.49,Dark Red,Obeliskmato,Turkey,Summer,Yes
203,9.20,Orange,Obeliskmato,China,Spring,Yes
107,3.91,Red,Tomatosio,China,Fall,No
82,5.58,Dark Red,Tomatoaster,Brazil,Winter,No
140,9.62,Orange,Obeliskmato,Turkey,Summer,Yes
229,9.99,Orange,Obeliskmato,Spain,Summer,Yes
57,4.98,Dark Red,Tomatosio,Brazil,Winter,No
168,3.39,Red,Obeliskmato,China,Summer,Yes
69,3.60,Dark Red,Tomatoaster,USA,Summer,No
161,3.94,Orange,Tomatosio,India,Summer,Yes
116,9.65,Dark Red,Tomatooryx,Spain,Summer,Yes
143,5.88,Dark Red,Obeliskmato,USA,Winter,No
149,5.81,Red,Obeliskmato,China,Spring,No
147,5.15,Red,Tomatosio,Turkey,Winter,Yes
190,5.40,Dark Red,Obeliskmato,India,Spring,Yes
52,5.55,Dark Red,Tomatoaster,Brazil,Winter,No
144,6.11,Orange,Obeliskmato,Turkey,Spring,Yes
186,8.11,Red,Obeliskmato,India,Fall,Yes
98,5.40,Red,Tomatoaster,Brazil,Summer,No
138,5.50,Dark Red,Tomatoaster,Spain,Fall,No
104,5.30,Red,Tomatoaster,USA,Fall,No
200,7.97,Dark Red,Tomatooryx,Turkey,Summer,Yes
151,7.26,Orange,Obeliskmato,USA,Spring,Yes
51,5.33,Red,Tomatoaster,China,Summer,No
141,4.16,Red,Tomatooryx,India,Summer,No
83,5.16,Dark Red,Tomatooryx,India,Fall,No
121,3.98,Dark Red,Tomatoaster,India,Summer,No
53,3.61,Dark Red,Tomatosio,Spain,Winter,No
135,7.92,Orange,Tomatooryx,China,Fall,Yes
91,8.30,Orange,Obeliskmato,China,Fall,Yes
178,8.87,Orange,Obeliskmato,USA,Spring,Yes
188,3.48,Red,Tomatooryx,USA,Spring,No
125,7.84,Orange,Tomatooryx,India,Summer,Yes
167,4.62,Orange,Obeliskmato,USA,Winter,Yes
200,6.13,Orange,Obeliskmato,USA,Spring,Yes
201,7.22,Red,Tomatooryx,Brazil,Winter,Yes
114,8.55,Dark Red,Obeliskmato,India,Spring,Yes
80,7.19,Red,Obeliskmato,China,Summer,Yes
123,6.07,Orange,Tomatooryx,China,Summer,Yes
179,7.30,Red,Tomatooryx,Spain,Fall,Yes
73,5.76,Red,Tomatosio,India,Fall,No
133,5.33,Orange,Tomatosio,USA,Fall,No
78,5.40,Dark Red,Tomatoaster,USA,Winter,No
167,6.66,Orange,Tomatosio,Turkey,Fall,Yes
94,9.46,Red,Tomatooryx,USA,Winter,No
116,4.50,Red,Tomatoaster,India,Summer,No
163,7.11,Orange,Tomatooryx,Turkey,Winter,Yes
217,9.78,Orange,Tomatooryx,Turkey,Spring,Yes
120,4.92,Dark Red,Tomatosio,Spain,Fall,No
88,5.94,Dark Red,Tomatosio,China,Spring,No
114,9.96,Red,Obeliskmato,Brazil,Spring,No
178,4.53,Red,Obeliskmato,China,Fall,No
178,9.28,Orange,Tomatosio,India,Fall,Yes
217,8.37,Dark Red,Obeliskmato,Turkey,Fall,Yes
84,5.04,Orange,Tomatosio,India,Fall,Yes
157,5.39,Red,Tomatosio,India,Winter,Yes
216,9.03,Orange,Tomatooryx,India,Fall,Yes
186,4.75,Orange,Tomatosio,India,Spring,Yes
50,3.11,Dark Red,Obeliskmato,Turkey,Fall,Yes
135,6.94,Dark Red,Obeliskmato,Spain,Summer,No
125,5.68,Red,Tomatooryx,Turkey,Summer,Yes
149,3.99,Dark Red,Tomatosio,USA,Fall,No
76,3.09,Red,Tomatosio,USA,Fall,No
103,4.27,Dark Red,Tomatoaster,USA,Winter,No
205,5.06,Red,Obeliskmato,Turkey,Summer,Yes
139,5.86,Dark Red,Tomatoaster,China,Spring,Yes
109,4.86,Red,Tomatoaster,Spain,Fall,No
127,5.61,Dark Red,Tomatoaster,Spain,Summer,Yes
149,5.34,Orange,Obeliskmato,India,Winter,Yes
166,3.32,Orange,Tomatooryx,China,Winter,Yes
216,8.42,Orange,Obeliskmato,USA,Spring,Yes
132,3.94,Dark Red,Obeliskmato,USA,Winter,No
139,5.86,Orange,Tomatooryx,China,Winter,Yes
179,6.05,Dark Red,Tomatooryx,China,Summer,Yes
142,7.11,Dark Red,Obeliskmato,USA,Winter,Yes
114,5.92,Dark Red,Obeliskmato,Spain,Fall,No
131,7.99,Dark Red,Tomatosio,USA,Fall,No
109,4.25,Red,Tomatosio,China,Spring,No
146,8.39,Orange,Tomatooryx,Turkey,Fall,Yes
128,3.63,Dark Red,Tomatosio,Spain,Winter,No
142,5.02,Dark Red,Obeliskmato,Turkey,Fall,No
160,5.44,Orange,Tomatooryx,China,Fall,Yes
227,6.26,Dark Red,Tomatosio,India,Spring,Yes
76,5.38,Dark Red,Tomatoaster,Spain,Fall,No
187,4.94,Red,Tomatooryx,China,Spring,Yes
194,3.41,Orange,Tomatosio,USA,Winter,No
99,3.21,Red,Tomatosio,USA,Winter,No
120,5.27,Dark Red,Obeliskmato,Spain,Fall,No
217,6.36,Orange,Tomatosio,China,Summer,Yes
118,5.25,Dark Red,Tomatosio,Brazil,Fall,No
199,6.15,Dark Red,Tomatooryx,Brazil,Summer,Yes
151,6.63,Orange,Obeliskmato,Turkey,Summer,Yes
127,3.87,Dark Red,Tomatoaster,USA,Fall,No
214,7.24,Dark Red,Tomatooryx,Brazil,Summer,Yes
136,4.15,Dark Red,Obeliskmato,Turkey,Spring,Yes
150,4.89,Dark Red,Tomatooryx,China,Winter,Yes
202,4.69,Red,Tomatoaster,USA,Spring,No
114,6.85,Orange,Tomatooryx,Brazil,Summer,Yes
71,3.43,Dark Red,Obeliskmato,India,Fall,No
108,5.31,Red,Tomatosio,USA,Spring,Yes
161,3.10,Dark Red,Tomatoaster,USA,Fall,No
90,7.70,Orange,Obeliskmato,India,Spring,Yes
205,6.81,Dark Red,Tomatooryx,India,Winter,Yes
144,8.88,Orange,Tomatooryx,China,Summer,Yes
83,5.90,Red,Tomatoaster,Spain,Summer,No
180,4.37,Orange,Tomatosio,China,Spring,Yes
153,6.53,Red,Tomatooryx,Spain,Spring,Yes
135,8.33,Orange,Tomatoaster,Turkey,Spring,Yes
193,3.05,Dark Red,Tomatoaster,China,Spring,Yes
132,3.50,Red,Obeliskmato,Spain,Winter,No
209,8.34,Dark Red,Tomatooryx,China,Spring,Yes
93,5.65,Orange,Tomatosio,USA,Winter,No
76,6.47,Dark Red,Obeliskmato,India,Fall,Yes
220,6.76,Orange,Tomatooryx,India,Fall,Yes
166,9.17,Dark Red,Obeliskmato,Spain,Spring,Yes
226,7.45,Dark Red,Obeliskmato,China,Spring,Yes
167,8.53,Orange,Tomatoaster,India,Fall,Yes
139,5.19,Red,Tomatooryx,USA,Fall,No
202,6.75,Dark Red,Obeliskmato,Turkey,Summer,Yes
61,5.95,Orange,Tomatoaster,India,Fall,Yes
101,3.04,Red,Tomatooryx,China,Summer,No
97,3.39,Dark Red,Tomatoaster,Brazil,Winter,No
134,4.15,Red,Tomatosio,Brazil,Summer,No
126,4.79,Dark Red,Tomatoaster,Brazil,Fall,No
107,4.80,Dark Red,Tomatosio,China,Winter,No
121,5.41,Dark Red,Obeliskmato,India,Spring,Yes
205,9.75,Orange,Obeliskmato,Brazil,Summer,Yes
202,7.95,Orange,Tomatosio,Spain,Winter,Yes
180,7.37,Red,Obeliskmato,Brazil,Summer,Yes
155,9.95,Dark Red,Obeliskmato,Brazil,Spring,Yes
80,9.18,Orange,Tomatooryx,China,Summer,Yes
157,7.44,Dark Red,Obeliskmato,India,Fall,Yes
98,4.24,Dark Red,Tomatoaster,Spain,Summer,No
56,4.99,Red,Tomatosio,Spain,Fall,No
187,5.35,Dark Red,Tomatosio,China,Summer,No
91,4.00,Red,Tomatosio,USA,Winter,No
153,6.44,Dark Red,Tomatoaster,Brazil,Winter,No
134,4.63,Dark Red,Tomatoaster,Spain,Fall,No
107,9.26,Dark Red,Tomatooryx,Spain,Summer,Yes
215,4.64,Dark Red,Obeliskmato,China,Spring,Yes
180,5.73,Red,Tomatosio,Turkey,Winter,No
116,9.27,Dark Red,Obeliskmato,China,Summer,Yes
111,5.30,Red,Tomatosio,Brazil,Spring,No
215,6.99,Dark Red,Obeliskmato,India,Spring,Yes
84,4.57,Dark Red,Tomatosio,Brazil,Fall,No
115,9.05,Dark Red,Obeliskmato,Turkey,Spring,Yes
145,4.43,Dark Red,Tomatosio,USA,Fall,No
229,5.54,Red,Tomatosio,India,Fall,No
142,5.86,Dark Red,Obeliskmato,Brazil,Winter,No
184,5.63,Dark Red,Tomatooryx,China,Spring,Yes
132,5.65,Dark Red,Tomatoaster,India,Spring,Yes
54,3.19,Red,Tomatosio,India,Spring,No
137,3.78,Red,Tomatoaster,USA,Spring,No
73,7.52,Orange,Tomatooryx,India,Summer,Yes
104,7.85,Orange,Obeliskmato,China,Spring,Yes
223,4.52,Red,Tomatosio,Brazil,Fall,No
100,6.12,Dark Red,Tomatooryx,Turkey,Spring,Yes
85,4.77,Red,Tomatoaster,Turkey,Fall,No
51,9.97,Red,Obeliskmato,USA,Winter,Yes
165,3.42,Orange,Tomatoaster,India,Winter,Yes
128,5.20,Dark Red,Obeliskmato,India,Spring,Yes
85,5.20,Dark Red,Tomatoaster,USA,Fall,No
68,5.17,Dark Red,Tomatosio,USA,Winter,No
181,3.64,Dark Red,Tomatosio,India,Winter,No
147,4.31,Dark Red,Obeliskmato,Turkey,Summer,Yes
178,8.19,Dark Red,Obeliskmato,USA,Summer,Yes
61,6.37,Dark Red,Tomatooryx,China,Spring,Yes
94,5.32,Red,Tomatosio,Spain,Winter,No
154,5.33,Orange,Tomatoaster,Turkey,Spring,Yes
229,7.64,Red,Tomatoaster,Spain,Fall,No
122,4.53,Dark Red,Obeliskmato,Turkey,Winter,No
94,3.70,Red,Tomatosio,Brazil,Summer,No
73,4.58,Dark Red,Obeliskmato,Spain,Fall,No
168,3.71,Dark Red,Tomatooryx,Spain,Summer,Yes
156,8.08,Dark Red,Tomatosio,China,Spring,Yes
81,5.33,Red,Tomatosio,Spain,Fall,No
164,5.70,Orange,Obeliskmato,India,Summer,Yes
84,8.69,Orange,Tomatooryx,Turkey,Spring,Yes
225,7.36,Dark Red,Tomatooryx,China,Fall,Yes
119,3.12,Red,Tomatoaster,USA,Fall,No
69,4.29,Dark Red,Tomatosio,USA,Fall,No
212,3.02,Red,Obeliskmato,Spain,Summer,No
154,5.34,Dark Red,Tomatoaster,Turkey,Spring,Yes
201,5.10,Red,Obeliskmato,Spain,Summer,Yes
184,8.93,Dark Red,Obeliskmato,China,Fall,Yes
197,5.71,Dark Red,Tomatosio,Turkey,Summer,Yes
139,3.97,Orange,Obeliskmato,Turkey,Fall,Yes
114,4.91,Dark Red,Obeliskmato,Spain,Fall,No
174,4.66,Orange,Obeliskmato,China,Fall,Yes
213,6.98,Red,Tomatoaster,Turkey,Spring,Yes
88,3.25,Red,Tomatoaster,USA,Summer,No
126,7.19,Red,Obeliskmato,India,Winter,Yes
213,8.08,Orange,Tomatooryx,Turkey,Spring,Yes
133,6.44,Dark Red,Tomatooryx,Turkey,Spring,Yes
72,9.27,Dark Red,Obeliskmato,Spain,Summer,No
133,3.03,Dark Red,Tomatooryx,China,Winter,Yes
53,5.20,Red,Tomatosio,Brazil,Summer,No
129,8.55,Orange,Obeliskmato,Brazil,Spring,Yes
102,3.30,Red,Obeliskmato,USA,Fall,No
128,9.55,Dark Red,Tomatoaster,Brazil,Winter,Yes
76,4.67,Dark Red,Tomatosio,USA,Fall,No
60,5.64,Red,Obeliskmato,USA,Fall,No
121,9.59,Dark Red,Tomatoaster,Spain,Spring,Yes
132,8.03,Orange,Tomatosio,USA,Fall,No
68,3.73,Dark Red,Tomatosio,China,Fall,No
88,4.47,Dark Red,Tomatoaster,Brazil,Fall,No
208,4.99,Red,Tomatosio,Spain,Winter,No
83,5.14,Dark Red,Tomatoaster,Spain,Fall,No
114,6.53,Dark Red,Tomatosio,Spain,Winter,No
79,5.14,Red,Tomatoaster,USA,Fall,No
160,5.85,Orange,Obeliskmato,India,Fall,Yes
75,4.71,Red,Obeliskmato,USA,Fall,No
121,4.57,Red,Tomatoaster,Turkey,Winter,No
111,5.14,Red,Tomatoaster,USA,Summer,No
190,9.76,Orange,Tomatosio,China,Winter,Yes
80,4.68,Dark Red,Obeliskmato,USA,Summer,No
150,5.19,Dark Red,Obeliskmato,Spain,Fall,No
83,5.18,Dark Red,Tomatooryx,USA,Fall,No
171,5.25,Red,Obeliskmato,USA,Spring,Yes
131,5.16,Dark Red,Tomatoaster,Spain,Winter,No
162,7.72,Dark Red,Obeliskmato,Turkey,Winter,Yes
149,6.97,Dark Red,Obeliskmato,Spain,Spring,Yes
166,7.27,Red,Obeliskmato,China,Fall,Yes
153,8.90,Orange,Tomatosio,Turkey,Summer,Yes
123,5.40,Orange,Tomatooryx,India,Summer,Yes
55,4.07,Orange,Tomatosio,Spain,Fall,No
97,7.90,Red,Tomatoaster,Brazil,Winter,No
108,5.30,Orange,Tomatooryx,India,Spring,Yes
68,4.45,Red,Tomatosio,Spain,Fall,No
150,3.80,Dark Red,Tomatosio,India,Winter,No
93,4.20,Dark Red,Tomatoaster,USA,Winter,No
211,3.38,Red,Tomatoaster,Brazil,Winter,No
200,6.30,Red,Obeliskmato,India,Spring,Yes
98,7.52,Red,Tomatoaster,China,Fall,No
72,3.55,Dark Red,Tomatosio,Spain,Fall,No
131,5.02,Orange,Tomatosio,India,Summer,No
228,4.91,Dark Red,Tomatoaster,Brazil,Spring,No
213,5.72,Dark Red,Obeliskmato,Turkey,Spring,Yes
83,8.78,Dark Red,Obeliskmato,Turkey,Winter,Yes
217,3.32,Orange,Tomatoaster,Turkey,Fall,Yes
119,9.01,Orange,Obeliskmato,Turkey,Summer,Yes
191,3.40,Dark Red,Tomatoaster,USA,Summer,No
74,5.56,Orange,Tomatooryx,India,Winter,Yes
59,8.92,Orange,Tomatosio,India,Summer,Yes
139,7.29,Red,Obeliskmato,Brazil,Winter,No
156,9.10,Dark Red,Tomatosio,USA,Winter,No
105,5.32,Orange,Tomatooryx,China,Summer,Yes
125,5.94,Orange,Obeliskmato,China,Summer,Yes
136,5.93,Red,Tomatosio,China,Fall,No
138,4.27,Orange,Obeliskmato,USA,Summer,Yes
150,5.67,Dark Red,Obeliskmato,Spain,Fall,Yes
86,7.09,Dark Red,Tomatooryx,Turkey,Spring,Yes
67,4.24,Red,Obeliskmato,Brazil,Winter,No
75,6.98,Orange,Tomatooryx,USA,Summer,Yes
117,4.14,Dark Red,Obeliskmato,Spain,Summer,No
116,3.70,Dark Red,Tomatosio,USA,Summer,No
123,4.25,Dark Red,Tomatooryx,China,Summer,Yes
121,7.17,Red,Tomatoaster,USA,Winter,No
132,5.39,Red,Tomatoaster,USA,Winter,No
130,5.56,Red,Tomatoaster,Spain,Winter,No
74,5.05,Red,Tomatosio,Brazil,Fall,No
125,4.22,Orange,Tomatosio,India,Winter,No
117,4.40,Dark Red,Tomatosio,USA,Winter,No
223,3.59,Dark Red,Tomatoaster,Spain,Fall,No
117,8.76,Red,Tomatoaster,USA,Spring,No
88,4.61,Red,Tomatosio,Spain,Winter,No
148,8.41,Dark Red,Obeliskmato,India,Fall,Yes
197,9.52,Dark Red,Tomatooryx,China,Summer,Yes
88,5.40,Dark Red,Obeliskmato,USA,Winter,No
214,4.82,Dark Red,Obeliskmato,Spain,Fall,No
84,8.99,Dark Red,Tomatoaster,Brazil,Winter,No
112,3.88,Orange,Tomatosio,Spain,Fall,No
207,7.77,Red,Tomatooryx,Turkey,Spring,Yes
66,3.93,Dark Red,Tomatoaster,USA,Fall,No
110,5.84,Dark Red,Tomatosio,USA,Winter,No
158,5.15,Dark Red,Tomatoaster,India,Spring,Yes
66,3.52,Dark Red,Tomatosio,Brazil,Spring,No
174,3.81,Dark Red,Tomatooryx,Turkey,Spring,Yes
207,6.99,Dark Red,Tomatoaster,USA,Fall,No
128,9.28,Orange,Tomatooryx,USA,Summer,Yes
163,5.04,Orange,Tomatooryx,Spain,Spring,Yes
99,5.53,Red,Tomatoaster,Spain,Fall,No
91,5.38,Dark Red,Tomatosio,Spain,Winter,No
52,4.81,Dark Red,Obeliskmato,USA,Spring,No
125,3.19,Red,Obeliskmato,USA,Winter,No
145,4.62,Dark Red,Tomatoaster,USA,Spring,No
129,3.13,Dark Red,Tomatooryx,Brazil,Summer,No
163,5.82,Dark Red,Tomatosio,Turkey,Summer,Yes
230,3.95,Red,Tomatosio,Brazil,Winter,No
78,4.05,Orange,Tomatoaster,China,Fall,No
198,5.16,Dark Red,Tomatooryx,China,Summer,No
167,6.98,Red,Tomatooryx,Turkey,Fall,Yes
133,6.35,Orange,Obeliskmato,Turkey,Fall,No
73,9.68,Dark Red,Tomatosio,Brazil,Summer,No
81,5.90,Dark Red,Obeliskmato,Brazil,Fall,No
230,8.27,Orange,Tomatooryx,India,Summer,Yes
73,4.90,Dark Red,Tomatoaster,Spain,Winter,No
148,5.39,Dark Red,Tomatoaster,USA,Spring,No
66,5.57,Dark Red,Obeliskmato,China,Spring,Yes
192,7.28,Orange,Tomatoaster,Turkey,Spring,Yes
160,5.02,Dark Red,Tomatooryx,India,Winter,Yes
125,3.01,Red,Tomatoaster,USA,Fall,No
110,3.93,Orange,Tomatosio,India,Fall,No
81,3.92,Red,Tomatoaster,Turkey,Spring,No
217,6.01,Orange,Obeliskmato,Turkey,Summer,Yes
104,3.67,Red,Tomatosio,Brazil,Summer,No
177,3.25,Orange,Obeliskmato,USA,Winter,No
125,5.34,Red,Obeliskmato,Spain,Winter,No
225,7.58,Orange,Tomatooryx,Turkey,Fall,Yes
199,5.26,Orange,Tomatoaster,Turkey,Spring,Yes
84,5.00,Dark Red,Tomatosio,USA,Fall,No
78,4.58,Red,Tomatosio,Turkey,Winter,No
123,9.88,Orange,Tomatoaster,Turkey,Winter,Yes
226,5.41,Orange,Tomatosio,Turkey,Spring,Yes
73,5.18,Dark Red,Obeliskmato,USA,Spring,No
225,7.51,Dark Red,Obeliskmato,Turkey,Spring,Yes
108,5.63,Orange,Tomatoaster,Brazil,Winter,No
106,8.02,Dark Red,Obeliskmato,India,Winter,Yes
103,8.06,Orange,Tomatooryx,Turkey,Summer,Yes
61,6.68,Red,Tomatosio,Brazil,Summer,No
228,5.23,Red,Tomatoaster,Turkey,Winter,No
51,5.31,Dark Red,Obeliskmato,Turkey,Fall,Yes
223,7.62,Orange,Tomatooryx,India,Spring,Yes
50,4.50,Red,Tomatosio,Spain,Winter,No
103,8.86,Dark Red,Tomatosio,Turkey,Winter,No
129,7.90,Red,Obeliskmato,Spain,Summer,No
56,7.13,Orange,Tomatooryx,Turkey,Summer,Yes
127,4.45,Dark Red,Tomatoaster,Spain,Winter,No
163,5.33,Dark Red,Tomatoaster,Brazil,Summer,Yes
198,5.02,Dark Red,Obeliskmato,Turkey,Spring,Yes
135,6.00,Dark Red,Obeliskmato,USA,Spring,No
211,9.60,Orange,Obeliskmato,India,Spring,Yes
136,5.04,Red,Obeliskmato,China,Summer,Yes
204,5.64,Orange,Obeliskmato,USA,Spring,Yes
91,8.46,Dark Red,Tomatooryx,Brazil,Spring,No
71,8.05,Dark Red,Obeliskmato,USA,Fall,No
116,7.02,Orange,Tomatosio,China,Spring,Yes
122,3.66,Orange,Obeliskmato,Brazil,Spring,Yes
142,3.99,Red,Obeliskmato,USA,Spring,No
215,9.67,Dark Red,Tomatooryx,China,Winter,Yes
54,5.12,Red,Obeliskmato,USA,Winter,No
59,3.56,Dark Red,Tomatosio,Spain,Fall,No
155,9.39,Dark Red,Obeliskmato,Brazil,Fall,Yes
143,3.82,Dark Red,Tomatoaster,USA,Spring,No
88,9.10,Orange,Tomatosio,Spain,Winter,No
116,9.99,Orange,Tomatooryx,USA,Summer,Yes
104,6.83,Red,Tomatoaster,India,Summer,No
147,6.36,Dark Red,Tomatooryx,Turkey,Winter,Yes
128,5.04,Dark Red,Obeliskmato,Brazil,Fall,No
193,9.48,Dark Red,Tomatooryx,USA,Summer,Yes
171,6.74,Orange,Tomatooryx,India,Spring,Yes
135,4.61,Red,Tomatooryx,Brazil,Summer,No
86,5.89,Orange,Tomatoaster,USA,Fall,No
146,5.85,Orange,Tomatooryx,Brazil,Spring,Yes
90,5.83,Dark Red,Tomatooryx,Spain,Winter,No
136,9.35,Orange,Tomatooryx,Brazil,Summer,Yes
91,7.85,Red,Tomatosio,Brazil,Fall,No
126,4.44,Orange,Tomatosio,USA,Fall,No
116,4.36,Red,Tomatosio,Spain,Fall,No
186,5.02,Orange,Tomatosio,USA,Spring,Yes
59,5.35,Dark Red,Tomatosio,USA,Winter,No
90,9.76,Red,Tomatosio,USA,Winter,No
84,9.49,Dark Red,Tomatosio,Brazil,Winter,No
131,5.44,Dark Red,Tomatosio,Brazil,Summer,Yes
121,3.05,Dark Red,Obeliskmato,Turkey,Summer,Yes
123,5.69,Dark Red,Tomatosio,Spain,Winter,No
154,5.54,Orange,Tomatooryx,Brazil,Winter,Yes
93,5.68,Dark Red,Tomatosio,Brazil,Fall,No
167,5.25,Dark Red,Obeliskmato,Turkey,Spring,Yes
69,5.02,Dark Red,Tomatosio,Spain,Fall,No
149,7.10,Orange,Tomatosio,Brazil,Fall,Yes
210,3.95,Dark Red,Obeliskmato,Turkey,Fall,Yes
145,4.13,Orange,Tomatoaster,Brazil,Winter,No
200,8.86,Dark Red,Obeliskmato,China,Fall,Yes
213,4.86,Red,Tomatosio,USA,Winter,No
76,4.86,Dark Red,Tomatooryx,Brazil,Winter,No
163,6.00,Dark Red,Tomatooryx,Spain,Summer,Yes
155,6.80,Dark Red,Tomatoaster,Brazil,Summer,No
120,9.06,Orange,Tomatosio,Turkey,Spring,Yes
119,5.32,Orange,Obeliskmato,China,Spring,Yes
121,5.38,Red,Tomatosio,Spain,Winter,No
216,6.45,Dark Red,Obeliskmato,USA,Summer,Yes
216,5.88,Red,Tomatoaster,Spain,Winter,No
84,6.77,Dark Red,Tomatosio,Brazil,Fall,No
138,5.59,Dark Red,Tomatoaster,Brazil,Winter,No
141,4.78,Red,Tomatosio,Brazil,Fall,No
88,3.55,Orange,Tomatosio,USA,Fall,No
115,3.54,Dark Red,Tomatoaster,Brazil,Fall,No
148,9.76,Dark Red,Tomatosio,USA,Fall,No
193,7.71,Orange,Tomatooryx,India,Spring,Yes
125,7.22,Dark Red,Tomatosio,Turkey,Summer,Yes
81,3.35,Dark Red,Obeliskmato,USA,Winter,No
150,9.93,Orange,Tomatooryx,Turkey,Fall,Yes
164,3.92,Red,Tomatosio,USA,Spring,No
128,5.75,Red,Tomatoaster,India,Fall,No
209,9.23,Dark Red,Obeliskmato,India,Spring,Yes
133,6.01,Dark Red,Tomatoaster,Brazil,Fall,No
159,5.25,Dark Red,Obeliskmato,India,Winter,Yes
174,9.52,Orange,Tomatooryx,Turkey,Spring,Yes
138,4.01,Red,Tomatosio,Spain,Spring,No
80,5.30,Red,Tomatosio,Brazil,Winter,No
94,9.22,Dark Red,Tomatooryx,USA,Winter,No
120,5.64,Dark Red,Tomatosio,China,Summer,Yes
74,6.37,Dark Red,Tomatosio,China,Spring,Yes
121,9.10,Dark Red,Obeliskmato,Turkey,Summer,Yes
132,4.29,Red,Tomatoaster,USA,Winter,No
138,7.22,Red,Obeliskmato,India,Summer,Yes
64,7.31,Dark Red,Tomatosio,Brazil,Fall,No
101,4.47,Orange,Obeliskmato,India,Spring,Yes
113,4.56,Dark Red,Tomatoaster,Brazil,Winter,No
168,5.23,Dark Red,Tomatooryx,India,Summer,Yes
106,4.37,Red,Tomatosio,USA,Fall,No
110,5.08,Dark Red,Tomatoaster,Spain,Spring,No
149,4.22,Dark Red,Tomatosio,Spain,Spring,No
115,3.33,Red,Tomatosio,China,Winter,No
158,5.12,Red,Tomatosio,Turkey,Winter,No
145,6.96,Dark Red,Tomatoaster,Turkey,Summer,Yes
130,5.64,Dark Red,Tomatoaster,Brazil,Winter,No
128,9.15,Dark Red,Tomatooryx,India,Summer,Yes
69,6.56,Dark Red,Tomatoaster,USA,Winter,No
128,3.80,Orange,Tomatoaster,Spain,Fall,No
125,9.87,Red,Obeliskmato,Brazil,Fall,No
141,3.37,Red,Tomatoaster,China,Winter,No
72,4.23,Red,Tomatosio,Brazil,Summer,No
85,3.41,Red,Tomatosio,Spain,Fall,No
150,5.55,Orange,Tomatooryx,Brazil,Spring,Yes
121,8.81,Dark Red,Tomatosio,Brazil,Fall,No
65,7.40,Dark Red,Obeliskmato,Turkey,Winter,Yes
128,3.08,Red,Tomatosio,China,Winter,No
134,5.10,Orange,Tomatooryx,India,Spring,Yes
52,3.46,Red,Tomatoaster,China,Fall,No
69,7.99,Dark Red,Tomatoaster,Brazil,Winter,No
206,4.72,Red,Tomatoaster,Turkey,Winter,No
196,9.79,Orange,Tomatooryx,India,Fall,Yes
219,9.63,Dark Red,Tomatooryx,India,Winter,Yes
146,5.35,Dark Red,Tomatooryx,Turkey,Spring,Yes
141,7.66,Orange,Obeliskmato,India,Spring,Yes
149,7.66,Orange,Tomatosio,India,Spring,Yes
67,6.15,Red,Tomatosio,India,Spring,No
92,4.53,Dark Red,Tomatosio,USA,Fall,No
75,3.39,Red,Obeliskmato,Brazil,Fall,No
129,9.35,Dark Red,Tomatooryx,Brazil,Fall,Yes
135,4.75,Red,Tomatosio,USA,Fall,No
59,9.51,Orange,Obeliskmato,India,Summer,Yes
139,8.38,Red,Tomatooryx,Turkey,Summer,Yes
147,5.19,Red,Tomatosio,USA,Summer,No
63,3.18,Dark Red,Tomatoaster,China,Winter,No
170,5.99,Dark Red,Tomatosio,Spain,Spring,No
190,5.39,Red,Tomatosio,Spain,Winter,Yes
144,4.20,Red,Tomatoaster,USA,Fall,No
210,8.76,Dark Red,Tomatooryx,USA,Spring,Yes
149,4.72,Dark Red,Tomatoaster,China,Winter,No
62,5.38,Dark Red,Tomatosio,India,Fall,No
135,9.96,Orange,Obeliskmato,India,Summer,Yes
150,8.81,Orange,Tomatooryx,China,Winter,Yes
95,4.27,Red,Tomatosio,Brazil,Summer,No
199,5.33,Orange,Tomatooryx,Spain,Spring,Yes
98,3.37,Dark Red,Tomatoaster,USA,Summer,No
126,4.00,Red,Tomatoaster,India,Fall,No
229,3.39,Orange,Tomatooryx,Spain,Summer,No
173,4.31,Dark Red,Tomatosio,India,Spring,No
196,8.03,Orange,Obeliskmato,Spain,Spring,Yes
121,7.37,Orange,Obeliskmato,Turkey,Winter,Yes
152,6.95,Dark Red,Obeliskmato,Turkey,Fall,Yes
222,8.94,Dark Red,Tomatooryx,India,Winter,Yes
126,4.10,Red,Tomatosio,Brazil,Winter,No
112,6.50,Red,Tomatooryx,China,Spring,Yes
77,9.75,Orange,Obeliskmato,USA,Spring,Yes
215,5.01,Dark Red,Tomatosio,Turkey,Spring,Yes
220,6.05,Dark Red,Tomatooryx,China,Summer,Yes
198,9.31,Orange,Tomatooryx,Turkey,Fall,Yes
186,4.69,Dark Red,Tomatooryx,Spain,Fall,No
128,7.86,Orange,Obeliskmato,China,Spring,Yes
143,5.68,Red,Tomatoaster,Spain,Winter,No
159,9.01,Red,Tomatosio,India,Spring,Yes
116,8.16,Red,Tomatooryx,China,Spring,Yes
151,7.54,Orange,Tomatooryx,China,Fall,Yes
223,3.87,Dark Red,Obeliskmato,USA,Winter,Yes
130,4.05,Dark Red,Tomatosio,USA,Spring,No
114,4.24,Red,Tomatoaster,Brazil,Summer,No
105,4.39,Red,Tomatosio,Spain,Winter,No
105,5.65,Dark Red,Obeliskmato,China,Summer,Yes
151,8.36,Orange,Tomatoaster,Turkey,Summer,Yes
82,3.63,Dark Red,Tomatosio,Brazil,Fall,No
125,6.73,Orange,Obeliskmato,Turkey,Summer,Yes
140,5.14,Orange,Obeliskmato,Brazil,Spring,Yes
102,9.05,Red,Tomatosio,Turkey,Fall,No
148,9.89,Dark Red,Tomatooryx,Spain,Summer,Yes
132,4.23,Dark Red,Tomatooryx,India,Winter,Yes
140,5.01,Dark Red,Obeliskmato,USA,Fall,No
68,8.10,Dark Red,Obeliskmato,India,Summer,Yes
196,9.87,Red,Tomatooryx,USA,Spring,Yes
175,5.85,Red,Obeliskmato,India,Summer,Yes
134,6.27,Red,Tomatosio,China,Fall,No
73,4.35,Red,Tomatoaster,USA,Winter,No
85,3.77,Dark Red,Tomatoaster,USA,Winter,No
151,5.77,Dark Red,Obeliskmato,Turkey,Fall,Yes
214,6.89,Orange,Tomatosio,Turkey,Spring,Yes
50,4.31,Red,Tomatooryx,Spain,Winter,No
163,5.88,Dark Red,Tomatosio,Turkey,Fall,Yes
87,9.80,Dark Red,Tomatosio,India,Summer,No
186,7.66,Orange,Obeliskmato,Turkey,Spring,Yes
175,6.23,Orange,Tomatooryx,China,Spring,Yes
198,5.92,Red,Tomatoaster,USA,Summer,No
144,5.41,Dark Red,Obeliskmato,India,Spring,No
182,9.62,Dark Red,Tomatooryx,China,Summer,Yes
174,7.27,Orange,Tomatoaster,USA,Summer,Yes
140,8.05,Orange,Tomatoaster,Brazil,Winter,No
127,7.87,Dark Red,Obeliskmato,Turkey,Spring,No
56,4.25,Red,Tomatosio,Brazil,Fall,No
226,6.82,Orange,Tomatooryx,China,Spring,Yes
73,9.59,Dark Red,Obeliskmato,India,Spring,Yes
179,9.47,Orange,Obeliskmato,China,Spring,Yes
124,9.95,Dark Red,Tomatoaster,Turkey,Summer,Yes
195,7.13,Orange,Tomatosio,Brazil,Spring,Yes
158,3.79,Dark Red,Tomatosio,China,Fall,Yes
167,6.88,Dark Red,Obeliskmato,India,Summer,Yes
139,9.94,Red,Tomatosio,Spain,Fall,No
219,5.07,Dark Red,Tomatooryx,Spain,Winter,No
101,8.13,Dark Red,Obeliskmato,Spain,Summer,No
87,4.99,Dark Red,Obeliskmato,Turkey,Spring,Yes
146,8.63,Dark Red,Obeliskmato,China,Winter,Yes
142,5.75,Red,Tomatoaster,USA,Winter,No
97,3.31,Red,Tomatosio,Turkey,Winter,No
186,9.17,Dark Red,Obeliskmato,Turkey,Fall,Yes
56,3.41,Red,Tomatosio,Spain,Summer,No
102,9.10,Orange,Tomatosio,Spain,Summer,Yes
119,9.89,Orange,Obeliskmato,China,Summer,Yes
110,5.64,Red,Obeliskmato,Brazil,Winter,No
128,6.87,Red,Tomatoaster,USA,Spring,No
162,8.50,Dark Red,Tomatooryx,India,Winter,Yes
61,6.36,Red,Tomatoaster,Turkey,Fall,No
130,4.92,Orange,Tomatoaster,Brazil,Winter,No
116,5.58,Dark Red,Tomatosio,Turkey,Winter,No
110,5.53,Dark Red,Tomatoaster,Turkey,Summer,No
199,5.07,Orange,Tomatosio,Turkey,Fall,Yes
73,5.50,Dark Red,Tomatoaster,Brazil,Summer,No
115,8.58,Orange,Obeliskmato,USA,Spring,Yes
88,6.56,Dark Red,Tomatoaster,Turkey,Spring,Yes
213,8.02,Dark Red,Tomatooryx,China,Spring,Yes
123,6.98,Dark Red,Obeliskmato,India,Summer,Yes
99,6.17,Dark Red,Tomatooryx,India,Fall,Yes
151,9.49,Dark Red,Obeliskmato,USA,Summer,Yes
60,3.48,Red,Tomatosio,Brazil,Winter,No
166,4.62,Red,Obeliskmato,Turkey,Winter,No
134,3.59,Orange,Tomatosio,USA,Winter,No
130,6.34,Red,Tomatosio,USA,Winter,No
227,7.31,Red,Tomatooryx,Spain,Winter,Yes
133,6.76,Orange,Tomatooryx,Spain,Summer,Yes
149,5.34,Orange,Tomatoaster,Spain,Summer,Yes
54,5.89,Orange,Tomatoaster,Turkey,Fall,No
161,6.12,Red,Tomatoaster,India,Spring,Yes
226,8.45,Orange,Obeliskmato,Turkey,Spring,Yes
149,3.96,Orange,Tomatosio,Spain,Fall,No
105,4.91,Orange,Obeliskmato,USA,Fall,No
65,9.97,Dark Red,Tomatooryx,Turkey,Fall,Yes
190,6.36,Orange,Obeliskmato,USA,Summer,Yes
157,7.37,Dark Red,Obeliskmato,India,Spring,Yes
199,5.09,Dark Red,Tomatooryx,Brazil,Spring,Yes
140,6.20,Dark Red,Obeliskmato,USA,Fall,Yes
112,6.27,Orange,Tomatoaster,China,Summer,Yes
129,6.29,Dark Red,Tomatooryx,China,Spring,Yes
129,6.10,Dark Red,Tomatoaster,Spain,Fall,No
63,8.38,Red,Tomatooryx,Turkey,Spring,Yes
134,6.44,Dark Red,Tomatooryx,India,Summer,Yes
145,8.41,Orange,Tomatooryx,Spain,Spring,Yes
217,7.12,Dark Red,Tomatooryx,Turkey,Winter,Yes
123,8.54,Orange,Tomatoaster,Spain,Winter,No
112,9.25,Dark Red,Obeliskmato,India,Winter,Yes
116,8.61,Dark Red,Obeliskmato,India,Summer,Yes
69,9.57,Orange,Obeliskmato,India,Spring,Yes
108,5.89,Dark Red,Tomatooryx,Turkey,Spring,Yes
204,8.72,Dark Red,Tomatosio,Spain,Summer,Yes
79,3.65,Dark Red,Tomatosio,Spain,Winter,No
192,8.15,Dark Red,Tomatooryx,Spain,Spring,Yes
203,6.17,Orange,Obeliskmato,Turkey,Spring,Yes
218,5.98,Dark Red,Obeliskmato,USA,Summer,Yes
51,9.07,Red,Obeliskmato,Brazil,Winter,No
63,5.41,Orange,Obeliskmato,India,Spring,Yes
136,8.41,Dark Red,Tomatoaster,Spain,Winter,No
124,4.52,Dark Red,Tomatosio,USA,Summer,No
123,4.39,Dark Red,Tomatoaster,Spain,Fall,No
92,6.87,Red,Obeliskmato,Brazil,Fall,No
95,5.60,Red,Tomatoaster,Brazil,Winter,No
80,8.68,Orange,Tomatooryx,Spain,Summer,Yes
108,4.11,Red,Tomatosio,Spain,Winter,No
125,8.01,Orange,Tomatooryx,China,Spring,Yes
107,4.94,Red,Tomatoaster,Spain,Winter,No
146,9.94,Dark Red,Obeliskmato,Brazil,Summer,Yes
144,9.46,Dark Red,Tomatooryx,India,Winter,Yes
169,9.14,Orange,Obeliskmato,China,Spring,Yes
51,9.83,Dark Red,Tomatosio,Spain,Fall,No
71,4.09,Red,Tomatoaster,USA,Fall,No
109,3.88,Dark Red,Obeliskmato,Turkey,Summer,Yes
107,5.01,Orange,Tomatooryx,China,Summer,Yes
67,3.47,Red,Tomatosio,Spain,Winter,No
142,3.94,Dark Red,Tomatoaster,USA,Summer,No
207,6.27,Orange,Tomatosio,Turkey,Spring,Yes
102,7.06,Dark Red,Tomatosio,Turkey,Summer,Yes
146,3.38,Orange,Tomatosio,China,Fall,No
159,5.92,Dark Red,Tomatoaster,Brazil,Fall,No
139,5.71,Dark Red,Obeliskmato,India,Summer,Yes
74,3.16,Dark Red,Tomatoaster,Brazil,Fall,No
218,5.71,Dark Red,Obeliskmato,India,Fall,Yes
110,7.42,Orange,Tomatoaster,India,Fall,Yes
151,6.40,Dark Red,Obeliskmato,Brazil,Summer,Yes
55,7.18,Orange,Obeliskmato,Brazil,Spring,Yes
191,6.04,Dark Red,Tomatooryx,USA,Spring,Yes
94,9.97,Orange,Tomatooryx,China,Summer,Yes
118,3.51,Orange,Tomatooryx,India,Summer,Yes
67,4.35,Dark Red,Tomatooryx,Brazil,Winter,No
157,7.29,Dark Red,Tomatoaster,Turkey,Summer,Yes
144,4.10,Dark Red,Tomatosio,Turkey,Fall,No
184,6.91,Dark Red,Tomatosio,Turkey,Spring,Yes
213,8.65,Dark Red,Obeliskmato,Turkey,Summer,Yes
112,5.28,Red,Tomatosio,USA,Winter,No
63,5.63,Dark Red,Tomatooryx,India,Summer,Yes
61,5.64,Dark Red,Tomatosio,USA,Fall,No
195,6.99,Orange,Tomatosio,China,Spring,Yes
149,3.20,Red,Obeliskmato,USA,Fall,No
221,3.77,Dark Red,Obeliskmato,USA,Fall,No
189,3.48,Orange,Tomatoaster,Brazil,Summer,No
219,9.20,Orange,Obeliskmato,Turkey,Fall,Yes
112,7.88,Dark Red,Tomatooryx,China,Summer,Yes
104,6.86,Orange,Tomatooryx,Spain,Winter,Yes
128,4.28,Dark Red,Tomatoaster,Brazil,Spring,No
88,3.93,Red,Obeliskmato,Brazil,Winter,No
165,4.87,Dark Red,Tomatoaster,Spain,Fall,No
180,5.45,Orange,Tomatooryx,Turkey,Fall,Yes
101,8.92,Red,Obeliskmato,China,Spring,Yes
55,4.33,Red,Tomatoaster,Brazil,Winter,No
71,5.40,Dark Red,Tomatoaster,Turkey,Winter,No
80,5.44,Orange,Tomatosio,Turkey,Fall,Yes
170,8.29,Dark Red,Obeliskmato,Turkey,Fall,Yes
61,5.28,Dark Red,Tomatoaster,Brazil,Winter,No
55,4.29,Orange,Tomatosio,USA,Fall,No
185,4.59,Orange,Tomatooryx,India,Fall,Yes
116,3.08,Dark Red,Tomatosio,Spain,Fall,No
208,7.05,Dark Red,Tomatooryx,Turkey,Summer,Yes
136,3.42,Dark Red,Obeliskmato,Spain,Summer,No
162,7.57,Dark Red,Tomatoaster,USA,Summer,Yes
56,3.91,Dark Red,Tomatoaster,USA,Winter,No
140,3.31,Orange,Tomatosio,China,Summer,Yes
156,8.48,Dark Red,Tomatooryx,Turkey,Spring,Yes
89,3.98,Dark Red,Tomatosio,Spain,Fall,No
50,9.84,Orange,Obeliskmato,India,Summer,Yes
184,6.38,Dark Red,Obeliskmato,China,Spring,Yes
205,3.77,Red,Tomatoaster,India,Spring,No
140,8.82,Dark Red,Obeliskmato,Turkey,Winter,Yes
153,4.10,Dark Red,Obeliskmato,Turkey,Fall,Yes
80,5.89,Dark Red,Tomatooryx,Brazil,Winter,No
207,6.99,Orange,Tomatosio,China,Spring,Yes
178,9.87,Orange,Tomatoaster,India,Fall,Yes
119,5.36,Orange,Tomatooryx,India,Spring,Yes
102,8.26,Dark Red,Tomatoaster,USA,Fall,No
155,6.74,Dark Red,Tomatosio,India,Spring,Yes
223,5.72,Orange,Tomatooryx,USA,Spring,Yes
154,5.44,Dark Red,Obeliskmato,China,Spring,Yes
97,4.27,Red,Tomatosio,Spain,Winter,No
128,6.48,Dark Red,Tomatooryx,Turkey,Spring,Yes
155,4.74,Dark Red,Tomatoaster,USA,Fall,No
110,3.74,Red,Tomatosio,Turkey,Fall,No
139,6.80,Dark Red,Tomatooryx,India,Winter,Yes
106,4.17,Red,Tomatooryx,Turkey,Fall,No
70,5.62,Dark Red,Tomatoaster,Spain,Winter,No
177,4.31,Dark Red,Tomatoaster,India,Fall,No
154,7.00,Red,Tomatooryx,Turkey,Summer,Yes
94,3.01,Dark Red,Tomatoaster,Spain,Spring,No
129,7.12,Orange,Tomatoaster,Brazil,Summer,No
117,3.78,Orange,Tomatosio,India,Winter,Yes
204,9.28,Dark Red,Tomatooryx,Turkey,Spring,Yes
119,9.92,Orange,Tomatooryx,India,Summer,Yes
73,4.34,Orange,Tomatooryx,China,Spring,Yes
90,3.61,Orange,Tomatosio,Spain,Winter,No
205,8.77,Red,Tomatooryx,USA,Summer,Yes
104,5.03,Red,Tomatooryx,India,Spring,No
107,5.76,Orange,Obeliskmato,China,Summer,Yes
145,5.42,Red,Tomatooryx,China,Spring,Yes
143,5.54,Orange,Tomatoaster,USA,Fall,No
128,8.50,Dark Red,Tomatosio,Spain,Fall,No
172,3.20,Orange,Obeliskmato,India,Summer,Yes
162,6.09,Orange,Tomatosio,India,Spring,Yes
220,6.04,Orange,Tomatosio,Turkey,Fall,Yes
222,6.37,Dark Red,Tomatooryx,India,Summer,Yes
150,3.08,Orange,Tomatoaster,Brazil,Summer,No
113,3.69,Orange,Obeliskmato,Brazil,Fall,No
124,9.03,Orange,Tomatooryx,India,Summer,Yes
124,4.72,Dark Red,Obeliskmato,Spain,Spring,No
88,4.94,Orange,Obeliskmato,Turkey,Winter,Yes
154,3.64,Dark Red,Tomatoaster,Brazil,Winter,No
194,5.21,Red,Tomatooryx,Brazil,Fall,Yes
131,3.42,Red,Tomatosio,USA,Winter,No
146,4.14,Orange,Obeliskmato,Turkey,Summer,Yes
123,7.38,Dark Red,Tomatooryx,India,Summer,Yes
75,3.52,Red,Tomatooryx,Turkey,Winter,No
101,4.66,Orange,Tomatoaster,India,Summer,Yes
159,9.84,Orange,Tomatooryx,Turkey,Summer,Yes
103,9.54,Orange,Tomatoaster,Spain,Winter,No
148,8.84,Dark Red,Tomatooryx,India,Spring,Yes
130,5.02,Red,Tomatosio,Spain,Fall,No
132,7.85,Orange,Tomatooryx,USA,Spring,Yes
230,6.76,Orange,Tomatooryx,China,Fall,Yes
137,4.98,Red,Tomatosio,Brazil,Fall,No
58,8.37,Orange,Tomatosio,Brazil,Fall,No
159,4.48,Red,Tomatooryx,Brazil,Summer,No
161,5.75,Orange,Obeliskmato,India,Summer,Yes
216,3.44,Dark Red,Tomatooryx,Turkey,Winter,Yes
113,4.19,Dark Red,Tomatoaster,India,Fall,No
122,3.79,Red,Tomatosio,Spain,Fall,No
170,5.40,Orange,Obeliskmato,China,Summer,Yes
149,5.22,Red,Obeliskmato,Brazil,Fall,No
87,4.61,Dark Red,Obeliskmato,Spain,Winter,No
138,5.78,Red,Tomatosio,India,Winter,No
106,9.55,Orange,Obeliskmato,India,Summer,Yes
129,4.56,Orange,Tomatoaster,USA,Winter,No
171,3.51,Orange,Tomatooryx,China,Fall,Yes
125,8.18,Dark Red,Tomatooryx,India,Fall,Yes
110,5.06,Dark Red,Obeliskmato,Spain,Spring,Yes
163,5.73,Dark Red,Tomatooryx,Spain,Winter,No
107,7.61,Dark Red,Tomatooryx,India,Spring,Yes
89,5.74,Red,Tomatosio,USA,Fall,No
139,8.34,Red,Obeliskmato,China,Fall,No
125,8.29,Orange,Obeliskmato,China,Summer,Yes
86,5.95,Red,Tomatoaster,Spain,Winter,No
212,5.48,Dark Red,Obeliskmato,Turkey,Winter,Yes
118,5.13,Red,Tomatosio,Brazil,Winter,No
98,5.13,Orange,Tomatosio,USA,Summer,No
95,4.63,Red,Tomatosio,Spain,Winter,No
120,4.18,Dark Red,Tomatoaster,Spain,Fall,No
120,5.49,Dark Red,Obeliskmato,China,Spring,Yes
124,9.67,Red,Tomatoaster,China,Summer,Yes
127,5.97,Orange,Tomatosio,Brazil,Summer,No
141,4.95,Orange,Obeliskmato,Turkey,Spring,Yes
51,7.65,Dark Red,Obeliskmato,India,Fall,Yes
197,3.97,Dark Red,Tomatoaster,China,Fall,Yes
148,6.71,Orange,Tomatoaster,India,Summer,Yes
102,5.84,Orange,Obeliskmato,India,Summer,Yes
137,5.93,Dark Red,Tomatoaster,USA,Spring,No
137,5.18,Orange,Tomatosio,Turkey,Summer,Yes
61,5.03,Dark Red,Tomatoaster,Spain,Fall,No
113,7.65,Dark Red,Tomatooryx,Turkey,Spring,Yes
117,6.91,Dark Red,Tomatoaster,USA,Spring,Yes
150,9.26,Dark Red,Tomatooryx,China,Summer,Yes
79,3.68,Dark Red,Tomatoaster,India,Fall,No
104,6.30,Red,Tomatosio,Turkey,Fall,No
143,7.89,Orange,Tomatooryx,China,Summer,Yes
142,8.91,Dark Red,Tomatosio,USA,Winter,No
140,7.25,Orange,Tomatoaster,China,Fall,Yes
210,4.25,Dark Red,Tomatooryx,Turkey,Fall,Yes
134,5.28,Dark Red,Tomatoaster,Brazil,Winter,No
60,5.25,Orange,Tomatoaster,USA,Spring,No
109,4.39,Red,Tomatoaster,Spain,Fall,No
185,5.34,Red,Tomatoaster,Brazil,Fall,No
129,9.53,Dark Red,Obeliskmato,India,Spring,Yes
126,4.54,Orange,Obeliskmato,China,Spring,Yes
103,4.98,Dark Red,Obeliskmato,USA,Summer,No
51,5.12,Dark Red,Tomatosio,China,Summer,No
172,5.07,Orange,Tomatoaster,Brazil,Spring,No
113,5.02,Orange,Tomatoaster,Brazil,Fall,No
112,9.15,Orange,Obeliskmato,Turkey,Spring,Yes
144,8.45,Dark Red,Tomatoaster,USA,Winter,No
129,5.57,Orange,Obeliskmato,India,Spring,Yes
91,3.53,Dark Red,Tomatosio,India,Winter,No
149,3.67,Orange,Tomatosio,USA,Winter,No
93,4.48,Red,Tomatosio,Brazil,Winter,No
163,9.57,Orange,Tomatosio,USA,Fall,Yes
108,4.71,Red,Tomatosio,Brazil,Winter,No
107,5.79,Orange,Tomatooryx,India,Spring,Yes
104,5.82,Dark Red,Tomatosio,Brazil,Winter,No
114,5.91,Orange,Tomatosio,India,Summer,Yes
112,8.31,Dark Red,Tomatoaster,China,Summer,No
136,8.45,Dark Red,Tomatooryx,Brazil,Spring,Yes
230,8.74,Orange,Tomatooryx,China,Spring,Yes
135,8.15,Orange,Tomatosio,China,Winter,Yes
202,4.62,Orange,Obeliskmato,Turkey,Summer,Yes
107,5.09,Red,Tomatosio,India,Winter,No
182,3.02,Dark Red,Obeliskmato,China,Summer,Yes
197,5.96,Orange,Obeliskmato,Turkey,Winter,Yes
156,5.59,Orange,Tomatosio,USA,Fall,No
143,6.61,Orange,Obeliskmato,India,Summer,Yes
110,5.75,Orange,Obeliskmato,Turkey,Fall,Yes
121,7.78,Dark Red,Tomatoaster,India,Summer,Yes
222,7.08,Orange,Tomatooryx,China,Summer,Yes
185,9.02,Dark Red,Tomatooryx,Brazil,Spring,Yes
180,9.73,Orange,Tomatooryx,Turkey,Spring,Yes
215,9.20,Dark Red,Tomatosio,USA,Fall,Yes
109,4.34,Red,Tomatoaster,Brazil,Winter,No
88,4.11,Orange,Obeliskmato,Spain,Summer,Yes
52,4.78,Orange,Tomatoaster,Brazil,Fall,No
124,9.33,Dark Red,Tomatooryx,Turkey,Summer,Yes
177,4.65,Dark Red,Tomatooryx,China,Summer,Yes
161,5.75,Dark Red,Obeliskmato,Turkey,Summer,Yes
124,5.90,Orange,Tomatosio,Spain,Winter,No
77,4.45,Dark Red,Tomatosio,Spain,Spring,No
117,7.83,Orange,Tomatoaster,India,Spring,Yes
221,9.71,Orange,Obeliskmato,China,Summer,Yes
157,3.54,Dark Red,Tomatosio,USA,Fall,No
223,5.65,Orange,Obeliskmato,Turkey,Summer,Yes
141,5.97,Red,Tomatooryx,USA,Fall,Yes
123,4.97,Dark Red,Tomatosio,USA,Spring,No
151,5.25,Dark Red,Tomatooryx,Spain,Spring,Yes
110,5.70,Orange,Tomatooryx,China,Spring,Yes
103,5.69,Red,Obeliskmato,USA,Fall,No
75,5.41,Red,Tomatoaster,Spain,Fall,No
123,9.35,Orange,Tomatoaster,Brazil,Spring,Yes
99,5.70,Dark Red,Tomatooryx,India,Spring,No
179,7.26,Orange,Obeliskmato,India,Summer,Yes
95,5.27,Dark Red,Obeliskmato,USA,Winter,No
183,5.34,Orange,Tomatooryx,Turkey,Fall,Yes
134,8.76,Red,Tomatooryx,Brazil,Spring,Yes
117,7.31,Dark Red,Tomatooryx,China,Spring,Yes
205,9.48,Orange,Obeliskmato,India,Summer,Yes
108,5.05,Orange,Tomatooryx,India,Spring,Yes
118,4.05,Red,Tomatosio,Brazil,Winter,No
161,8.22,Orange,Tomatooryx,USA,Spring,Yes
157,4.50,Orange,Obeliskmato,Spain,Winter,Yes
156,6.02,Dark Red,Obeliskmato,India,Winter,Yes
140,6.22,Dark Red,Tomatoaster,Brazil,Fall,No
60,3.22,Red,Tomatosio,Turkey,Fall,No
90,4.62,Red,Tomatoaster,Spain,Spring,No
199,10.00,Orange,Tomatooryx,China,Summer,Yes
189,7.72,Orange,Tomatosio,Turkey,Summer,Yes
117,5.89,Red,Tomatoaster,Brazil,Winter,No
50,4.26,Dark Red,Tomatosio,India,Winter,No
135,5.91,Dark Red,Tomatosio,Spain,Fall,No
104,5.75,Orange,Tomatosio,Spain,Spring,No
193,6.78,Orange,Obeliskmato,China,Summer,Yes
121,4.47,Red,Tomatooryx,Brazil,Fall,No
74,5.54,Red,Tomatoaster,India,Summer,No
106,4.42,Orange,Tomatoaster,China,Summer,Yes
86,4.57,Red,Tomatosio,Turkey,Winter,No
132,7.99,Red,Tomatosio,Brazil,Fall,No
109,5.46,Dark Red,Tomatosio,Spain,Spring,No
65,4.98,Dark Red,Tomatoaster,Brazil,Summer,No
159,5.66,Dark Red,Tomatooryx,China,Summer,Yes
54,5.21,Red,Tomatosio,Brazil,Spring,No
142,3.84,Red,Tomatooryx,India,Summer,Yes
86,3.17,Dark Red,Tomatosio,Brazil,Winter,No
196,9.99,Dark Red,Tomatooryx,China,Spring,Yes
193,5.83,Red,Tomatosio,USA,Summer,No
69,5.26,Dark Red,Tomatooryx,Brazil,Winter,No
108,4.68,Dark Red,Tomatoaster,Brazil,Winter,No
104,9.56,Orange,Obeliskmato,China,Summer,Yes
96,5.61,Dark Red,Tomatosio,Spain,Winter,No
97,5.76,Dark Red,Tomatoaster,USA,Fall,No
220,7.88,Dark Red,Obeliskmato,Turkey,Spring,Yes
88,3.49,Dark Red,Tomatosio,India,Spring,No
144,5.10,Dark Red,Obeliskmato,Turkey,Winter,No
135,6.98,Red,Tomatosio,Spain,Winter,Yes
148,4.69,Red,Tomatoaster,Spain,Fall,No
96,6.83,Orange,Obeliskmato,USA,Summer,Yes
143,3.00,Dark Red,Tomatooryx,China,Fall,No
170,6.34,Orange,Tomatosio,China,Spring,Yes
195,5.64,Dark Red,Obeliskmato,China,Fall,Yes
159,3.48,Red,Tomatoaster,Spain,Summer,No
74,5.34,Red,Tomatooryx,Spain,Fall,No
131,9.35,Orange,Obeliskmato,China,Summer,Yes
212,9.01,Orange,Tomatoaster,China,Spring,Yes
160,8.04,Orange,Tomatosio,India,Summer,Yes
69,9.61,Dark Red,Tomatosio,India,Summer,Yes
100,5.19,Orange,Tomatosio,China,Winter,Yes
146,8.66,Orange,Obeliskmato,USA,Fall,Yes
167,4.68,Dark Red,Obeliskmato,Turkey,Summer,Yes
130,3.68,Red,Tomatooryx,Turkey,Summer,Yes
70,5.36,Dark Red,Tomatoaster,Spain,Spring,No
128,7.87,Dark Red,Tomatooryx,Turkey,Spring,Yes
168,6.75,Orange,Tomatooryx,USA,Fall,Yes
78,3.27,Dark Red,Tomatosio,Brazil,Fall,No
130,9.04,Dark Red,Obeliskmato,India,Fall,Yes
223,6.52,Dark Red,Tomatoaster,Turkey,Summer,Yes
177,5.32,Red,Tomatosio,USA,Summer,No
144,6.55,Dark Red,Tomatoaster,China,Summer,Yes
106,3.38,Red,Tomatooryx,Spain,Summer,No
63,5.16,Red,Tomatoaster,Turkey,Spring,No
226,5.29,Orange,Tomatoaster,Spain,Fall,No
199,8.55,Orange,Tomatooryx,China,Summer,Yes
147,5.65,Dark Red,Tomatoaster,China,Spring,No
167,8.58,Red,Obeliskmato,Turkey,Fall,Yes
152,8.59,Red,Tomatooryx,China,Spring,Yes
100,3.54,Dark Red,Tomatoaster,Brazil,Fall,No
67,4.73,Dark Red,Obeliskmato,Turkey,Fall,No
147,8.24,Red,Obeliskmato,Spain,Summer,Yes
146,8.87,Orange,Obeliskmato,Brazil,Spring,Yes
115,5.61,Dark Red,Tomatosio,USA,Winter,No
215,4.43,Dark Red,Tomatoaster,Brazil,Summer,No
201,6.13,Dark Red,Obeliskmato,Turkey,Winter,Yes
185,6.93,Dark Red,Obeliskmato,China,Spring,Yes
196,3.42,Dark Red,Tomatosio,USA,Summer,No
62,6.21,Orange,Tomatoaster,India,Spring,Yes
214,4.28,Dark Red,Tomatoaster,China,Summer,Yes
159,3.96,Orange,Obeliskmato,Spain,Summer,Yes
110,9.39,Red,Tomatooryx,Brazil,Fall,No
122,5.71,Orange,Obeliskmato,China,Summer,Yes
216,3.04,Dark Red,Tomatooryx,Turkey,Summer,Yes
223,6.22,Orange,Obeliskmato,Brazil,Winter,Yes
129,3.22,Dark Red,Tomatooryx,Brazil,Fall,No
170,5.21,Orange,Tomatooryx,Brazil,Summer,Yes
201,3.86,Orange,Tomatosio,Brazil,Winter,No
211,3.58,Red,Obeliskmato,Brazil,Spring,Yes
110,3.11,Dark Red,Tomatosio,Spain,Winter,No
123,9.99,Orange,Tomatosio,Spain,Summer,Yes
52,5.02,Red,Obeliskmato,Brazil,Spring,No
147,4.20,Dark Red,Obeliskmato,China,Summer,Yes
118,4.04,Orange,Obeliskmato,Turkey,Winter,Yes
201,4.87,Red,Tomatooryx,India,Summer,Yes
129,6.74,Orange,Tomatooryx,Turkey,Summer,Yes
208,5.42,Orange,Obeliskmato,Turkey,Spring,Yes
196,5.88,Orange,Tomatosio,Turkey,Summer,Yes
93,5.41,Red,Tomatoaster,Brazil,Winter,No
129,4.18,Dark Red,Tomatoaster,Spain,Fall,No
220,5.33,Dark Red,Tomatooryx,Brazil,Spring,Yes
80,8.99,Orange,Tomatoaster,Turkey,Fall,Yes
178,9.67,Dark Red,Tomatooryx,Brazil,Summer,Yes
197,6.39,Orange,Tomatooryx,Turkey,Winter,Yes
113,4.43,Dark Red,Tomatoaster,Turkey,Spring,Yes
176,4.17,Red,Tomatoaster,Spain,Winter,No
188,7.19,Orange,Tomatooryx,Spain,Summer,Yes
62,4.62,Red,Tomatoaster,Brazil,Winter,No
164,7.34,Orange,Tomatooryx,China,Spring,Yes
185,4.81,Red,Tomatosio,USA,Winter,No
177,4.04,Orange,Obeliskmato,China,Summer,Yes
200,9.31,Orange,Obeliskmato,Brazil,Spring,Yes
192,5.35,Orange,Tomatoaster,USA,Spring,Yes
103,3.63,Red,Tomatosio,Brazil,Winter,No
160,5.67,Dark Red,Obeliskmato,China,Fall,Yes
162,4.78,Dark Red,Obeliskmato,USA,Summer,No
74,3.13,Red,Tomatoaster,Spain,Winter,No
122,5.98,Red,Obeliskmato,Brazil,Winter,No
136,5.62,Orange,Obeliskmato,China,Winter,Yes
87,5.30,Dark Red,Tomatoaster,Turkey,Summer,Yes
224,6.50,Dark Red,Tomatooryx,India,Spring,Yes
126,8.44,Orange,Obeliskmato,India,Summer,Yes
174,9.69,Dark Red,Tomatooryx,India,Spring,Yes
58,5.11,Red,Tomatoaster,Turkey,Winter,No
229,8.94,Red,Tomatooryx,Turkey,Summer,Yes
59,3.35,Dark Red,Tomatooryx,Spain,Winter,No
70,5.84,Red,Tomatosio,USA,Winter,No
61,8.99,Dark Red,Obeliskmato,China,Spring,Yes
196,9.24,Dark Red,Tomatoaster,Brazil,Spring,Yes
224,3.39,Dark Red,Tomatooryx,Turkey,Spring,Yes
83,3.95,Orange,Tomatoaster,Brazil,Winter,No
89,4.01,Dark Red,Tomatooryx,USA,Winter,No
181,6.19,Dark Red,Tomatooryx,Turkey,Winter,Yes
213,5.67,Red,Tomatosio,Spain,Spring,No
193,5.45,Dark Red,Tomatooryx,India,Summer,Yes
178,4.85,Dark Red,Obeliskmato,Turkey,Spring,Yes
198,5.75,Orange,Obeliskmato,Turkey,Winter,Yes
98,5.07,Red,Tomatosio,Brazil,Fall,No
225,5.03,Dark Red,Tomatooryx,Spain,Fall,No
120,3.54,Dark Red,Tomatooryx,China,Fall,Yes
191,8.70,Orange,Tomatooryx,China,Summer,Yes
148,7.96,Dark Red,Obeliskmato,India,Summer,Yes
74,8.89,Orange,Obeliskmato,India,Spring,Yes
58,5.10,Orange,Tomatooryx,Spain,Winter,No
122,3.93,Dark Red,Tomatoaster,China,Winter,No
118,6.21,Dark Red,Tomatoaster,Brazil,Fall,Yes
105,5.27,Red,Obeliskmato,Brazil,Fall,No
86,6.25,Dark Red,Tomatoaster,Turkey,Spring,No
140,4.89,Orange,Obeliskmato,Spain,Summer,Yes
137,5.66,Red,Tomatoaster,Spain,Fall,No
147,4.02,Dark Red,Tomatoaster,Spain,Winter,No
123,5.94,Dark Red,Tomatosio,India,Winter,No
127,9.01,Dark Red,Tomatosio,USA,Winter,No
218,5.20,Orange,Obeliskmato,China,Spring,Yes
88,4.93,Dark Red,Tomatoaster,Spain,Fall,No
105,6.42,Dark Red,Tomatooryx,China,Spring,Yes
90,3.36,Red,Tomatosio,USA,Fall,No
63,5.16,Dark Red,Obeliskmato,India,Spring,Yes
153,4.35,Orange,Tomatosio,Spain,Winter,No
166,3.22,Orange,Tomatooryx,Turkey,Summer,Yes
149,3.32,Dark Red,Tomatoaster,Brazil,Winter,No
139,6.84,Orange,Obeliskmato,Turkey,Summer,Yes
182,5.30,Orange,Tomatosio,Turkey,Summer,Yes
103,3.19,Red,Tomatoaster,Spain,Winter,No
222,7.58,Orange,Tomatooryx,Turkey,Spring,Yes
202,4.61,Dark Red,Tomatoaster,Spain,Fall,No
132,8.92,Dark Red,Tomatooryx,Turkey,Summer,Yes
56,3.79,Red,Tomatooryx,USA,Fall,No
132,5.30,Dark Red,Tomatoaster,USA,Fall,No
150,8.74,Red,Obeliskmato,China,Spring,Yes
71,3.18,Red,Tomatoaster,Spain,Fall,No
195,8.35,Orange,Obeliskmato,Turkey,Summer,Yes
126,3.87,Dark Red,Tomatooryx,Turkey,Spring,Yes
146,7.03,Orange,Obeliskmato,India,Fall,Yes
72,7.18,Orange,Tomatooryx,Spain,Summer,Yes
141,4.58,Dark Red,Tomatosio,USA,Winter,No
199,8.18,Dark Red,Tomatooryx,Turkey,Spring,Yes
154,5.42,Dark Red,Tomatosio,USA,Winter,No
89,4.64,Dark Red,Tomatosio,Brazil,Summer,No
148,5.55,Red,Tomatooryx,Brazil,Fall,No
76,5.60,Red,Tomatosio,USA,Fall,No
202,3.53,Red,Tomatosio,India,Spring,Yes
119,5.96,Dark Red,Tomatooryx,Spain,Spring,Yes
137,5.51,Red,Tomatoaster,USA,Winter,No
115,6.32,Dark Red,Tomatoaster,Brazil,Winter,No
100,5.48,Red,Tomatosio,USA,Winter,No
184,8.14,Orange,Obeliskmato,Turkey,Summer,Yes
159,4.72,Orange,Obeliskmato,Turkey,Summer,Yes
97,4.63,Dark Red,Obeliskmato,USA,Fall,No
62,4.45,Dark Red,Tomatoaster,Brazil,Summer,No
100,5.36,Orange,Obeliskmato,Turkey,Summer,Yes
145,9.07,Dark Red,Obeliskmato,India,Spring,Yes
143,4.56,Orange,Tomatooryx,India,Summer,Yes
75,4.49,Dark Red,Tomatooryx,Brazil,Fall,No
147,5.47,Dark Red,Tomatosio,Brazil,Winter,No
218,6.70,Dark Red,Tomatoaster,Turkey,Winter,Yes
124,3.33,Dark Red,Tomatosio,Brazil,Winter,No
93,9.76,Orange,Tomatoaster,Spain,Fall,No
97,5.25,Dark Red,Tomatoaster,USA,Fall,No
93,9.52,Red,Tomatosio,Turkey,Fall,No
217,5.83,Dark Red,Tomatosio,Spain,Fall,No
117,9.12,Orange,Obeliskmato,India,Winter,Yes
203,6.92,Orange,Tomatooryx,Brazil,Winter,Yes
164,4.39,Dark Red,Tomatooryx,Turkey,Spring,Yes
67,4.09,Orange,Tomatosio,USA,Winter,No
103,9.21,Orange,Tomatoaster,China,Fall,Yes
129,9.87,Dark Red,Tomatooryx,Turkey,Fall,Yes
93,5.61,Red,Tomatosio,Spain,Winter,No
136,5.38,Red,Tomatoaster,Turkey,Fall,No
56,4.54,Red,Tomatosio,Spain,Fall,No
68,8.43,Red,Tomatoaster,USA,Fall,No
64,3.34,Orange,Tomatosio,Brazil,Fall,No
67,3.73,Orange,Tomatoaster,Spain,Fall,No
150,5.47,Dark Red,Obeliskmato,Turkey,Spring,Yes
136,3.95,Orange,Tomatoaster,Turkey,Winter,No
190,9.73,Dark Red,Tomatoaster,China,Spring,Yes
70,3.92,Red,Tomatoaster,USA,Fall,No
210,5.12,Dark Red,Obeliskmato,China,Summer,Yes
61,5.82,Orange,Obeliskmato,Turkey,Spring,No
164,8.65,Orange,Tomatosio,Turkey,Fall,Yes
112,8.30,Red,Tomatoaster,Brazil,Fall,No
159,5.63,Red,Tomatoaster,USA,Fall,No
153,4.19,Dark Red,Tomatosio,Turkey,Spring,Yes
149,4.29,Red,Tomatosio,Brazil,Fall,No
92,5.68,Dark Red,Tomatooryx,USA,Fall,No
114,6.06,Orange,Tomatosio,China,Summer,Yes
101,4.40,Orange,Tomatosio,China,Winter,Yes
191,4.55,Dark Red,Tomatosio,USA,Fall,No
147,9.25,Orange,Tomatooryx,India,Summer,Yes
227,4.93,Dark Red,Tomatooryx,USA,Spring,No
211,7.94,Dark Red,Obeliskmato,Turkey,Spring,Yes
118,4.98,Red,Obeliskmato,Spain,Winter,No
215,7.33,Dark Red,Tomatosio,India,Summer,Yes
53,6.20,Orange,Tomatosio,USA,Fall,No
210,5.69,Dark Red,Obeliskmato,China,Winter,Yes
116,6.42,Red,Tomatooryx,USA,Winter,No
223,6.36,Dark Red,Tomatoaster,China,Summer,Yes
63,3.62,Red,Tomatoaster,USA,Winter,No
144,9.51,Orange,Tomatoaster,Spain,Fall,No
102,7.13,Red,Tomatosio,USA,Fall,No
169,5.81,Red,Tomatosio,China,Winter,Yes
105,5.62,Red,Tomatosio,Brazil,Winter,No
129,9.86,Red,Tomatoaster,China,Fall,No
146,8.74,Orange,Tomatooryx,India,Summer,Yes
143,3.20,Dark Red,Tomatoaster,Brazil,Summer,No
100,5.80,Red,Tomatoaster,USA,Winter,No
133,3.18,Dark Red,Tomatoaster,Brazil,Summer,No
133,4.57,Red,Tomatoaster,Brazil,Spring,No
79,5.30,Dark Red,Tomatosio,Spain,Winter,No
216,9.97,Dark Red,Obeliskmato,India,Winter,Yes
68,5.67,Red,Tomatoaster,China,Fall,No
87,3.17,Red,Obeliskmato,USA,Fall,No
184,5.14,Dark Red,Obeliskmato,Spain,Fall,Yes
105,4.57,Dark Red,Tomatoaster,India,Spring,Yes
147,4.15,Orange,Tomatoaster,Brazil,Winter,No
58,4.70,Dark Red,Tomatosio,Spain,Spring,No
73,5.88,Red,Tomatosio,USA,Summer,No
74,5.89,Orange,Tomatoaster,USA,Winter,Yes
137,8.80,Red,Tomatooryx,Turkey,Spring,Yes
185,3.23,Dark Red,Tomatooryx,Brazil,Winter,No
141,9.23,Orange,Tomatosio,India,Summer,Yes
143,5.88,Red,Tomatosio,China,Fall,No
71,4.12,Dark Red,Tomatoaster,Spain,Summer,No
102,4.06,Dark Red,Tomatoaster,Brazil,Winter,No
118,5.59,Red,Tomatooryx,India,Spring,Yes
128,5.19,Orange,Tomatooryx,India,Summer,Yes
79,5.17,Red,Tomatooryx,Spain,Winter,No
222,7.65,Dark Red,Tomatosio,India,Summer,Yes
85,5.28,Orange,Tomatooryx,Spain,Spring,Yes
135,8.81,Orange,Tomatosio,Turkey,Summer,Yes
65,5.09,Orange,Obeliskmato,Turkey,Fall,Yes
81,4.35,Orange,Tomatooryx,China,Spring,No
99,7.75,Orange,Tomatoaster,Spain,Winter,No
95,5.84,Dark Red,Tomatoaster,Spain,Spring,No
197,7.18,Dark Red,Tomatoaster,Spain,Winter,No
121,6.09,Orange,Tomatoaster,China,Fall,Yes
157,5.64,Dark Red,Tomatoaster,India,Fall,Yes
135,5.25,Dark Red,Obeliskmato,USA,Fall,No
225,8.34,Orange,Obeliskmato,India,Winter,Yes
115,8.66,Orange,Tomatosio,Turkey,Fall,Yes
86,9.37,Dark Red,Obeliskmato,China,Spring,Yes
56,3.75,Dark Red,Tomatosio,USA,Spring,No
223,8.04,Orange,Tomatosio,China,Summer,Yes
123,3.40,Dark Red,Tomatoaster,Turkey,Fall,No
127,3.24,Orange,Obeliskmato,Spain,Summer,Yes
127,6.14,Dark Red,Tomatooryx,USA,Spring,No
181,3.83,Dark Red,Obeliskmato,Spain,Summer,No
69,7.14,Red,Tomatoaster,USA,Fall,No
110,9.84,Orange,Tomatooryx,Spain,Winter,Yes
148,8.67,Red,Tomatooryx,Brazil,Winter,No
134,4.17,Dark Red,Tomatoaster,Brazil,Fall,No
83,3.02,Dark Red,Tomatoaster,Spain,Winter,No
195,7.38,Dark Red,Tomatoaster,Brazil,Winter,Yes
225,5.94,Dark Red,Tomatooryx,Turkey,Winter,Yes
178,7.44,Orange,Obeliskmato,India,Spring,Yes
82,3.90,Dark Red,Tomatosio,USA,Winter,No
106,6.36,Orange,Tomatoaster,Turkey,Spring,Yes
137,5.76,Orange,Tomatooryx,USA,Fall,Yes
126,6.89,Orange,Tomatooryx,USA,Fall,Yes
120,5.87,Dark Red,Obeliskmato,Turkey,Summer,No
108,7.49,Dark Red,Obeliskmato,India,Summer,Yes
122,5.78,Red,Tomatoaster,China,Summer,No
218,8.32,Red,Tomatooryx,China,Spring,Yes
113,9.28,Orange,Tomatooryx,China,Summer,Yes
50,6.63,Dark Red,Tomatooryx,India,Summer,Yes
146,5.23,Orange,Obeliskmato,India,Spring,Yes
101,5.20,Dark Red,Tomatosio,Turkey,Summer,Yes
110,4.59,Dark Red,Tomatosio,USA,Winter,No
128,3.79,Orange,Tomatooryx,India,Spring,Yes
185,6.11,Orange,Tomatooryx,India,Winter,Yes
135,7.65,Orange,Obeliskmato,India,Winter,Yes
171,6.99,Dark Red,Tomatooryx,India,Summer,Yes
94,3.91,Dark Red,Tomatosio,USA,Fall,No
77,5.49,Dark Red,Tomatoaster,USA,Winter,No
59,4.45,Red,Tomatosio,USA,Winter,No
90,3.83,Dark Red,Obeliskmato,India,Winter,No
144,7.35,Orange,Tomatooryx,India,Summer,Yes
227,9.25,Dark Red,Tomatooryx,Turkey,Summer,Yes
148,7.02,Orange,Obeliskmato,China,Summer,Yes
165,5.91,Dark Red,Tomatooryx,Turkey,Spring,Yes
187,3.20,Dark Red,Tomatooryx,USA,Winter,No
64,4.00,Orange,Tomatooryx,China,Summer,Yes
144,3.40,Red,Tomatosio,Brazil,Fall,No
190,5.94,Dark Red,Tomatooryx,Turkey,Summer,Yes
104,8.67,Red,Tomatosio,India,Spring,Yes
115,5.31,Orange,Tomatoaster,China,Summer,Yes
115,3.96,Orange,Tomatooryx,USA,Summer,Yes
71,6.95,Dark Red,Tomatosio,Turkey,Spring,Yes
100,4.93,Dark Red,Tomatosio,Brazil,Fall,No
121,5.50,Dark Red,Tomatosio,USA,Summer,No
124,8.31,Orange,Tomatoaster,India,Fall,Yes
152,8.38,Orange,Obeliskmato,Brazil,Spring,Yes
143,4.19,Orange,Tomatosio,Spain,Summer,No
119,7.99,Orange,Tomatooryx,Turkey,Summer,Yes
94,4.02,Dark Red,Tomatosio,Brazil,Winter,No
160,5.38,Dark Red,Obeliskmato,India,Summer,Yes
110,9.98,Dark Red,Tomatoaster,India,Spring,Yes
195,8.73,Orange,Tomatooryx,India,Fall,Yes
193,7.40,Orange,Tomatooryx,Turkey,Fall,Yes
79,5.13,Red,Tomatoaster,Brazil,Spring,No
206,6.90,Orange,Obeliskmato,Turkey,Spring,Yes
190,9.61,Dark Red,Tomatooryx,India,Spring,Yes
174,7.79,Orange,Tomatoaster,China,Summer,Yes
82,4.48,Dark Red,Tomatosio,Brazil,Fall,No
145,4.18,Dark Red,Obeliskmato,Turkey,Winter,Yes
117,8.98,Dark Red,Obeliskmato,China,Summer,Yes
137,4.59,Dark Red,Tomatosio,Brazil,Fall,No
111,5.95,Red,Tomatosio,India,Winter,No
96,5.92,Dark Red,Tomatosio,USA,Fall,No
108,4.55,Dark Red,Tomatoaster,USA,Fall,No
118,5.43,Orange,Tomatosio,Turkey,Winter,Yes
133,9.06,Orange,Tomatooryx,China,Fall,Yes
142,5.70,Dark Red,Tomatooryx,Brazil,Summer,No
86,4.93,Red,Tomatoaster,Brazil,Spring,No
162,4.12,Dark Red,Obeliskmato,Spain,Fall,No
74,3.47,Red,Tomatoaster,Brazil,Fall,No
104,3.30,Red,Tomatosio,Brazil,Winter,No
144,3.90,Red,Tomatosio,Spain,Spring,No
77,3.70,Red,Tomatosio,China,Fall,No
157,5.45,Orange,Tomatooryx,China,Summer,Yes
134,5.15,Red,Tomatoaster,India,Fall,No
88,8.88,Dark Red,Tomatosio,China,Summer,Yes
120,5.23,Orange,Tomatoaster,USA,Winter,No
135,3.93,Dark Red,Tomatooryx,Spain,Fall,No
56,8.46,Dark Red,Tomatooryx,Turkey,Winter,Yes
187,5.59,Orange,Tomatosio,China,Spring,Yes
131,4.86,Red,Tomatosio,Brazil,Fall,No
80,3.92,Dark Red,Tomatosio,USA,Summer,No
125,8.18,Dark Red,Obeliskmato,India,Summer,Yes
84,5.49,Dark Red,Tomatosio,Brazil,Winter,No
60,9.42,Orange,Tomatooryx,India,Spring,Yes
214,7.85,Dark Red,Tomatosio,India,Spring,Yes
118,3.29,Red,Tomatosio,Brazil,Fall,No
118,4.88,Dark Red,Tomatoaster,Spain,Fall,No
154,7.00,Orange,Tomatoaster,India,Winter,Yes
227,6.73,Red,Obeliskmato,Spain,Fall,Yes
106,9.29,Dark Red,Tomatosio,Brazil,Winter,No
92,5.80,Dark Red,Tomatosio,Brazil,Fall,No
76,4.60,Red,Tomatoaster,USA,Fall,No
215,7.93,Dark Red,Obeliskmato,Turkey,Summer,Yes
227,9.21,Orange,Tomatooryx,India,Fall,Yes
184,9.66,Orange,Obeliskmato,Brazil,Summer,Yes
73,5.70,Red,Obeliskmato,USA,Winter,No
185,9.49,Dark Red,Obeliskmato,China,Summer,Yes
104,7.30,Orange,Obeliskmato,China,Winter,Yes
60,5.72,Dark Red,Obeliskmato,Turkey,Summer,No
132,3.56,Dark Red,Tomatosio,Brazil,Spring,No
51,5.59,Dark Red,Tomatoaster,Spain,Winter,No
67,3.28,Red,Tomatooryx,India,Winter,No
68,4.83,Dark Red,Tomatoaster,Spain,Spring,No
210,5.09,Red,Tomatoaster,USA,Summer,No
57,7.77,Orange,Obeliskmato,Spain,Spring,Yes
122,3.28,Red,Tomatosio,Brazil,Fall,No
129,5.78,Red,Tomatosio,Spain,Winter,No
127,6.44,Dark Red,Tomatoaster,India,Summer,Yes
168,5.85,Red,Tomatoaster,Turkey,Spring,Yes
160,5.77,Orange,Obeliskmato,USA,Summer,Yes
81,5.20,Red,Tomatooryx,China,Summer,Yes
98,4.36,Dark Red,Tomatoaster,USA,Fall,No
206,9.98,Dark Red,Obeliskmato,India,Summer,No
109,3.18,Orange,Tomatosio,USA,Winter,No
128,4.65,Dark Red,Obeliskmato,Brazil,Winter,No
151,5.93,Orange,Tomatosio,Brazil,Fall,No
180,6.99,Orange,Tomatooryx,USA,Fall,Yes
168,5.07,Orange,Obeliskmato,Turkey,Winter,Yes
77,4.61,Red,Tomatoaster,Spain,Fall,No
110,5.57,Dark Red,Tomatooryx,China,Winter,Yes
214,9.00,Dark Red,Tomatooryx,Turkey,Spring,Yes
148,9.67,Dark Red,Tomatooryx,India,Spring,Yes
138,8.54,Red,Tomatosio,USA,Fall,No
50,4.57,Dark Red,Tomatoaster,Spain,Winter,No
112,5.54,Orange,Tomatosio,Turkey,Summer,Yes
150,5.06,Orange,Obeliskmato,Turkey,Summer,Yes
141,5.02,Orange,Tomatosio,Brazil,Spring,No
125,3.78,Orange,Obeliskmato,Spain,Summer,Yes
110,7.85,Dark Red,Tomatoaster,USA,Fall,No
129,5.83,Dark Red,Obeliskmato,Brazil,Summer,Yes
121,4.28,Red,Tomatosio,Spain,Winter,No
51,6.61,Orange,Obeliskmato,China,Summer,Yes
68,8.57,Dark Red,Obeliskmato,China,Spring,Yes
107,8.00,Orange,Tomatosio,Turkey,Spring,Yes
132,9.39,Dark Red,Obeliskmato,USA,Winter,No
136,3.63,Orange,Tomatosio,India,Fall,No
144,8.93,Orange,Tomatooryx,Spain,Fall,Yes
53,9.14,Red,Obeliskmato,Spain,Fall,No
104,7.91,Orange,Obeliskmato,USA,Spring,Yes
149,7.26,Dark Red,Obeliskmato,India,Fall,Yes
182,6.49,Orange,Obeliskmato,Brazil,Fall,Yes
167,7.38,Orange,Obeliskmato,China,Spring,Yes
94,4.88,Dark Red,Tomatosio,Spain,Spring,No
87,4.04,Orange,Obeliskmato,Turkey,Summer,Yes
101,5.17,Dark Red,Tomatoaster,Turkey,Fall,No
127,5.38,Dark Red,Tomatosio,USA,Fall,No
112,3.58,Dark Red,Tomatoaster,USA,Winter,No
129,5.49,Dark Red,Tomatoaster,Spain,Spring,No
169,3.51,Dark Red,Tomatoaster,USA,Fall,No
199,6.88,Orange,Tomatosio,Spain,Winter,No
80,4.50,Red,Tomatosio,Brazil,Winter,No
199,6.88,Orange,Tomatosio,Spain,Summer,Yes
127,5.27,Orange,Tomatooryx,Turkey,Summer,Yes
84,5.62,Dark Red,Tomatosio,Turkey,Winter,No
68,3.02,Red,Obeliskmato,Brazil,Fall,No
106,9.42,Dark Red,Tomatooryx,USA,Winter,No
223,5.83,Dark Red,Obeliskmato,Turkey,Summer,Yes
150,7.87,Red,Obeliskmato,India,Winter,No
61,6.36,Red,Tomatoaster,Spain,Fall,No
229,6.92,Orange,Tomatoaster,China,Spring,Yes
132,5.10,Dark Red,Tomatoaster,USA,Summer,No
61,6.61,Orange,Obeliskmato,India,Summer,Yes
97,5.52,Dark Red,Tomatooryx,USA,Spring,No
165,9.80,Orange,Obeliskmato,China,Summer,Yes
63,3.15,Red,Tomatooryx,India,Winter,No
224,9.65,Orange,Tomatoaster,Spain,Spring,Yes
113,9.48,Dark Red,Tomatooryx,USA,Winter,No
205,6.16,Orange,Tomatooryx,China,Summer,Yes
78,9.05,Orange,Obeliskmato,China,Summer,Yes
132,5.66,Red,Obeliskmato,India,Spring,No
130,9.95,Red,Tomatooryx,China,Winter,Yes
229,5.28,Orange,Tomatooryx,Turkey,Winter,Yes
184,8.03,Orange,Tomatoaster,Turkey,Spring,Yes
106,5.50,Dark Red,Tomatooryx,Turkey,Winter,No
127,4.86,Red,Tomatosio,Spain,Winter,No
154,5.54,Dark Red,Tomatosio,India,Summer,Yes
124,4.14,Orange,Obeliskmato,China,Summer,Yes
194,7.15,Dark Red,Tomatosio,India,Fall,Yes
102,3.41,Red,Obeliskmato,Turkey,Fall,No
102,9.30,Orange,Tomatooryx,India,Spring,Yes
77,4.64,Red,Tomatooryx,Spain,Fall,No
175,5.91,Orange,Tomatooryx,China,Summer,Yes
72,4.70,Dark Red,Tomatoaster,China,Winter,No
111,4.70,Dark Red,Obeliskmato,Spain,Summer,No
124,5.65,Orange,Tomatosio,Spain,Winter,No
119,5.90,Dark Red,Tomatoaster,Brazil,Fall,No
138,5.36,Dark Red,Tomatosio,China,Fall,No
108,7.58,Dark Red,Tomatoaster,India,Spring,Yes
105,5.14,Orange,Obeliskmato,China,Summer,Yes
58,3.19,Red,Tomatooryx,USA,Winter,No
183,5.51,Dark Red,Obeliskmato,Spain,Spring,Yes
170,5.73,Orange,Tomatosio,China,Winter,No
130,3.64,Red,Tomatooryx,Spain,Fall,No
137,3.01,Red,Obeliskmato,Brazil,Winter,No
60,8.65,Dark Red,Tomatooryx,Spain,Summer,No
184,4.89,Dark Red,Obeliskmato,Spain,Summer,Yes
226,6.83,Dark Red,Obeliskmato,Turkey,Spring,Yes
71,4.11,Orange,Tomatooryx,Turkey,Spring,Yes
126,3.88,Orange,Tomatosio,USA,Summer,Yes
140,5.42,Dark Red,Obeliskmato,Turkey,Summer,Yes
181,4.45,Dark Red,Obeliskmato,Brazil,Winter,Yes
164,9.18,Orange,Tomatosio,Turkey,Summer,Yes
94,3.88,Dark Red,Tomatoaster,Spain,Fall,No
164,5.92,Orange,Tomatooryx,India,Spring,Yes
152,6.86,Orange,Obeliskmato,China,Spring,Yes
137,5.15,Orange,Tomatooryx,Turkey,Summer,Yes
79,7.36,Orange,Obeliskmato,India,Summer,Yes
93,5.44,Red,Tomatosio,Brazil,Fall,No
210,3.16,Orange,Tomatosio,Turkey,Summer,Yes
79,3.86,Dark Red,Obeliskmato,Turkey,Winter,No
106,3.25,Red,Tomatosio,Spain,Summer,No
193,4.71,Dark Red,Obeliskmato,India,Summer,Yes
184,9.43,Orange,Obeliskmato,USA,Summer,Yes
82,8.14,Orange,Tomatoaster,India,Spring,Yes
70,5.60,Dark Red,Tomatooryx,Turkey,Spring,Yes
98,3.56,Dark Red,Tomatooryx,Spain,Summer,No
115,3.28,Orange,Tomatoaster,Spain,Summer,Yes
128,6.57,Red,Tomatosio,USA,Summer,No
56,5.70,Red,Obeliskmato,USA,Summer,No
182,3.18,Orange,Tomatosio,Brazil,Summer,Yes
161,4.57,Dark Red,Tomatoaster,Turkey,Summer,Yes
119,7.90,Dark Red,Tomatosio,China,Winter,Yes
95,5.59,Dark Red,Obeliskmato,India,Winter,No
170,3.52,Red,Tomatosio,Brazil,Winter,No
210,4.42,Orange,Tomatoaster,Brazil,Summer,No
202,8.08,Dark Red,Obeliskmato,Spain,Spring,Yes
148,3.76,Dark Red,Tomatoaster,Brazil,Winter,No
226,5.50,Red,Tomatosio,USA,Winter,No
58,5.35,Dark Red,Obeliskmato,Turkey,Spring,No
75,7.39,Dark Red,Obeliskmato,China,Summer,Yes
113,5.89,Dark Red,Tomatoaster,USA,Fall,No
105,5.54,Orange,Tomatoaster,Brazil,Summer,No
108,3.45,Dark Red,Tomatosio,USA,Spring,Yes
150,9.76,Dark Red,Tomatooryx,China,Winter,Yes
116,3.08,Red,Tomatoaster,India,Spring,Yes
77,4.44,Red,Tomatosio,USA,Fall,No
118,8.08,Orange,Tomatosio,India,Fall,No
54,4.75,Orange,Tomatooryx,USA,Fall,No
65,3.49,Red,Tomatoaster,USA,Winter,No
149,9.32,Orange,Tomatooryx,Spain,Summer,Yes
90,7.35,Dark Red,Obeliskmato,Turkey,Winter,Yes
66,4.78,Dark Red,Tomatooryx,India,Summer,No
53,9.82,Orange,Tomatooryx,India,Summer,Yes
172,5.12,Dark Red,Tomatooryx,India,Summer,Yes
197,5.16,Red,Tomatosio,India,Winter,No
65,5.91,Dark Red,Tomatosio,Brazil,Summer,No
55,5.58,Orange,Tomatosio,Turkey,Spring,Yes
112,8.65,Red,Obeliskmato,Spain,Summer,No
103,5.51,Dark Red,Tomatosio,USA,Summer,No
169,4.63,Red,Obeliskmato,Brazil,Fall,Yes
135,9.57,Orange,Tomatooryx,India,Summer,Yes
140,6.91,Dark Red,Obeliskmato,Turkey,Fall,Yes
65,4.05,Orange,Obeliskmato,China,Summer,Yes
212,6.41,Dark Red,Tomatooryx,China,Winter,Yes
180,5.58,Dark Red,Tomatoaster,USA,Winter,No
173,8.77,Dark Red,Obeliskmato,India,Spring,Yes
133,5.51,Red,Tomatooryx,Brazil,Spring,Yes
102,6.75,Red,Tomatoaster,Brazil,Winter,No
97,5.71,Dark Red,Tomatosio,USA,Spring,No
99,6.00,Red,Tomatoaster,Spain,Winter,No
114,3.66,Dark Red,Tomatooryx,Spain,Spring,No
116,5.85,Red,Tomatosio,China,Summer,Yes
53,8.49,Dark Red,Obeliskmato,Turkey,Summer,Yes
160,6.87,Red,Tomatooryx,Brazil,Fall,No
129,7.47,Dark Red,Tomatoaster,Turkey,Summer,Yes
187,8.74,Red,Tomatosio,China,Spring,Yes
104,5.63,Dark Red,Tomatosio,China,Spring,No
129,3.53,Red,Obeliskmato,USA,Winter,No
61,5.42,Dark Red,Tomatoaster,USA,Summer,No
69,3.52,Orange,Tomatoaster,Spain,Spring,No
180,4.65,Dark Red,Tomatoaster,Brazil,Fall,No
160,3.97,Dark Red,Tomatooryx,USA,Fall,No
123,5.80,Orange,Tomatoaster,Turkey,Winter,Yes
136,6.92,Dark Red,Tomatooryx,Turkey,Summer,Yes
198,6.67,Orange,Tomatooryx,India,Spring,Yes
154,8.11,Orange,Tomatooryx,Turkey,Spring,Yes
81,8.03,Orange,Obeliskmato,Turkey,Summer,Yes
214,6.39,Orange,Obeliskmato,China,Summer,Yes
77,5.86,Red,Tomatoaster,Brazil,Winter,No
110,3.63,Orange,Obeliskmato,Brazil,Winter,No
227,9.02,Dark Red,Tomatooryx,India,Summer,Yes
186,5.69,Dark Red,Obeliskmato,Spain,Spring,Yes
187,9.80,Dark Red,Tomatooryx,India,Spring,Yes
165,4.06,Red,Obeliskmato,India,Summer,Yes
96,5.18,Dark Red,Tomatoaster,Brazil,Fall,No
56,4.71,Red,Tomatosio,USA,Fall,No
54,7.55,Orange,Obeliskmato,Turkey,Spring,Yes
97,5.73,Dark Red,Tomatoaster,Brazil,Winter,No
112,4.68,Red,Obeliskmato,Spain,Spring,Yes
138,4.20,Red,Tomatooryx,India,Winter,No
141,4.11,Dark Red,Tomatoaster,Turkey,Winter,No
138,5.38,Dark Red,Tomatooryx,Turkey,Fall,Yes
130,6.73,Orange,Obeliskmato,China,Winter,Yes
123,3.26,Red,Tomatosio,Brazil,Summer,No
103,7.92,Orange,Tomatoaster,China,Spring,Yes
74,3.92,Red,Tomatosio,Spain,Fall,No
111,7.35,Orange,Tomatoaster,Turkey,Spring,Yes
124,3.95,Dark Red,Tomatosio,USA,Fall,No
149,8.76,Red,Obeliskmato,China,Fall,Yes
64,3.03,Red,Tomatosio,Brazil,Winter,No
225,6.19,Orange,Obeliskmato,Turkey,Spring,Yes
137,7.35,Orange,Tomatosio,Turkey,Summer,Yes
128,5.56,Orange,Tomatoaster,Spain,Winter,No
93,3.24,Dark Red,Tomatosio,Brazil,Summer,No
192,7.34,Dark Red,Obeliskmato,India,Fall,Yes
165,4.97,Red,Tomatosio,Spain,Winter,No
111,4.13,Dark Red,Tomatoaster,Spain,Summer,No
131,6.73,Dark Red,Tomatooryx,Turkey,Spring,Yes
154,3.61,Red,Tomatoaster,USA,Spring,No
107,5.63,Red,Tomatoaster,Brazil,Spring,No
143,3.72,Dark Red,Tomatooryx,China,Winter,No
145,4.00,Dark Red,Tomatosio,India,Fall,Yes
185,4.63,Dark Red,Tomatooryx,Turkey,Spring,Yes
133,6.81,Dark Red,Tomatooryx,India,Summer,Yes
176,5.41,Dark Red,Obeliskmato,China,Winter,Yes
181,7.19,Orange,Obeliskmato,India,Summer,Yes
211,4.84,Dark Red,Tomatosio,Brazil,Spring,No
155,6.96,Dark Red,Obeliskmato,Turkey,Spring,Yes
187,4.22,Dark Red,Obeliskmato,China,Summer,No
137,8.03,Dark Red,Tomatoaster,Spain,Summer,No
100,3.61,Red,Tomatooryx,USA,Fall,No
158,9.13,Dark Red,Obeliskmato,India,Fall,Yes
158,3.23,Red,Tomatooryx,India,Spring,Yes
139,5.80,Orange,Obeliskmato,China,Fall,Yes
145,5.43,Orange,Tomatosio,Turkey,Winter,Yes
188,9.81,Dark Red,Tomatooryx,Turkey,Winter,Yes
150,3.53,Red,Tomatoaster,Spain,Summer,No
91,4.69,Red,Tomatoaster,Turkey,Fall,No
109,4.22,Red,Obeliskmato,India,Winter,No
82,4.76,Red,Tomatoaster,Spain,Fall,No
148,5.23,Red,Tomatosio,China,Spring,No
99,3.49,Dark Red,Tomatosio,India,Winter,No
199,7.71,Orange,Tomatosio,India,Summer,Yes
83,4.51,Dark Red,Tomatoaster,USA,Summer,No
50,4.30,Red,Tomatosio,Spain,Spring,No
108,3.60,Dark Red,Tomatooryx,Brazil,Fall,No
192,6.08,Orange,Tomatooryx,USA,Summer,Yes
143,3.56,Dark Red,Tomatooryx,USA,Fall,No
184,9.35,Dark Red,Obeliskmato,USA,Spring,Yes
142,4.82,Red,Tomatosio,China,Fall,No
102,7.38,Dark Red,Tomatoaster,USA,Fall,No
141,6.26,Dark Red,Tomatosio,India,Fall,No
105,4.19,Orange,Tomatooryx,Spain,Winter,No
68,5.47,Dark Red,Tomatooryx,Turkey,Winter,No
108,4.84,Red,Obeliskmato,Spain,Winter,No
228,5.98,Dark Red,Tomatoaster,Turkey,Spring,Yes
204,8.28,Dark Red,Tomatosio,Turkey,Summer,Yes
84,3.16,Dark Red,Tomatosio,Brazil,Summer,No
171,5.21,Red,Tomatosio,India,Spring,No
210,4.46,Dark Red,Tomatoaster,India,Spring,Yes
174,9.99,Orange,Tomatooryx,China,Spring,Yes
114,8.24,Red,Tomatosio,Brazil,Spring,No
114,4.59,Red,Tomatoaster,USA,Spring,No
167,9.94,Orange,Tomatoaster,China,Spring,Yes
71,5.63,Orange,Tomatosio,Spain,Winter,No
201,6.18,Dark Red,Tomatosio,India,Spring,Yes
169,5.32,Orange,Tomatooryx,Turkey,Summer,Yes
106,5.02,Dark Red,Tomatoaster,Spain,Spring,No
88,5.05,Dark Red,Tomatoaster,USA,Fall,No
145,4.72,Orange,Tomatoaster,Spain,Winter,No
59,6.77,Red,Tomatoaster,China,Winter,No
125,3.18,Dark Red,Tomatoaster,Turkey,Fall,No
224,6.21,Dark Red,Obeliskmato,India,Summer,Yes
134,7.43,Orange,Obeliskmato,China,Spring,Yes
135,5.29,Orange,Tomatoaster,Brazil,Spring,No
149,7.70,Red,Tomatoaster,USA,Fall,No
114,5.48,Dark Red,Tomatosio,India,Summer,Yes
142,8.98,Red,Tomatosio,Turkey,Summer,No
134,3.30,Red,Tomatosio,Brazil,Fall,No
147,6.33,Red,Tomatosio,Brazil,Winter,No
106,4.21,Orange,Tomatooryx,USA,Spring,Yes
96,3.82,Dark Red,Tomatoaster,USA,Fall,No
143,9.40,Dark Red,Obeliskmato,Spain,Summer,No
103,9.64,Dark Red,Tomatoaster,Brazil,Summer,No
125,3.90,Dark Red,Obeliskmato,USA,Spring,No
71,4.12,Dark Red,Obeliskmato,Spain,Summer,No
74,9.36,Dark Red,Obeliskmato,Turkey,Summer,Yes
163,3.29,Red,Tomatoaster,China,Fall,No
102,5.21,Dark Red,Tomatosio,India,Summer,Yes
53,9.27,Red,Obeliskmato,Spain,Fall,No
177,5.70,Red,Tomatosio,Turkey,Fall,No
211,3.00,Red,Tomatoaster,Brazil,Fall,No
139,4.04,Red,Obeliskmato,Brazil,Spring,No
198,9.62,Orange,Tomatosio,China,Spring,Yes
92,6.76,Dark Red,Tomatooryx,Turkey,Summer,Yes
64,7.18,Dark Red,Obeliskmato,USA,Fall,No
149,5.49,Red,Tomatoaster,Spain,Spring,No
224,8.63,Orange,Tomatosio,Spain,Summer,Yes
61,8.04,Red,Tomatosio,Brazil,Winter,No
147,4.24,Dark Red,Obeliskmato,China,Spring,Yes
90,5.44,Dark Red,Tomatoaster,USA,Fall,No
177,9.26,Orange,Obeliskmato,Turkey,Summer,Yes
120,5.89,Red,Tomatooryx,Spain,Fall,No
135,9.69,Orange,Obeliskmato,China,Spring,Yes
142,5.75,Orange,Tomatosio,China,Fall,No
127,7.59,Dark Red,Tomatooryx,Turkey,Winter,No
210,5.53,Dark Red,Tomatooryx,USA,Summer,No
159,3.61,Orange,Tomatoaster,USA,Fall,Yes
117,5.54,Dark Red,Obeliskmato,Brazil,Spring,No
65,5.24,Red,Tomatooryx,India,Winter,No
134,5.86,Red,Tomatosio,Spain,Spring,No
147,5.53,Red,Tomatoaster,India,Fall,No
175,9.30,Dark Red,Tomatoaster,Turkey,Summer,Yes
211,7.37,Dark Red,Obeliskmato,China,Spring,Yes
191,7.14,Orange,Tomatooryx,USA,Summer,Yes
62,5.09,Dark Red,Tomatoaster,Spain,Fall,No
58,5.59,Dark Red,Tomatooryx,China,Winter,No
114,4.82,Orange,Tomatoaster,Spain,Spring,Yes
79,6.81,Orange,Tomatoaster,Brazil,Fall,No
137,8.88,Dark Red,Tomatooryx,Brazil,Winter,No
111,5.49,Dark Red,Tomatooryx,China,Summer,Yes
100,9.71,Dark Red,Obeliskmato,India,Spring,Yes
172,3.52,Red,Tomatoaster,Spain,Fall,No
170,8.71,Orange,Tomatoaster,USA,Summer,Yes
143,5.22,Orange,Obeliskmato,India,Spring,Yes
182,6.20,Dark Red,Tomatooryx,USA,Summer,Yes
133,4.28,Dark Red,Tomatosio,Brazil,Winter,No
169,5.18,Red,Tomatoaster,China,Winter,No
160,9.89,Orange,Tomatooryx,USA,Spring,Yes
224,3.80,Dark Red,Obeliskmato,Turkey,Spring,Yes
102,4.71,Red,Tomatosio,China,Winter,No
54,4.13,Red,Obeliskmato,Spain,Winter,No
130,3.05,Red,Tomatosio,Brazil,Winter,No
125,5.04,Orange,Tomatosio,India,Summer,Yes
103,4.71,Orange,Tomatooryx,China,Summer,Yes
139,4.70,Red,Tomatooryx,Turkey,Fall,No
146,4.18,Orange,Obeliskmato,Turkey,Spring,Yes
149,3.44,Dark Red,Tomatosio,Brazil,Winter,No
115,4.91,Red,Tomatoaster,India,Fall,No
114,6.73,Dark Red,Tomatooryx,China,Summer,Yes
143,3.21,Red,Tomatosio,Brazil,Fall,No
114,9.27,Red,Tomatoaster,Brazil,Fall,No
178,3.57,Dark Red,Tomatooryx,Spain,Winter,No
111,9.82,Red,Tomatoaster,Turkey,Spring,Yes
89,7.59,Dark Red,Obeliskmato,Turkey,Spring,Yes
159,7.02,Orange,Tomatooryx,Spain,Summer,Yes
125,5.59,Dark Red,Tomatoaster,Spain,Fall,No
220,8.22,Dark Red,Obeliskmato,USA,Spring,Yes
215,9.66,Dark Red,Obeliskmato,Turkey,Summer,Yes
96,4.46,Red,Tomatosio,USA,Winter,No
113,9.10,Dark Red,Tomatooryx,India,Spring,Yes
117,9.34,Red,Tomatosio,USA,Winter,No
158,7.48,Red,Obeliskmato,Brazil,Spring,No
199,9.14,Red,Tomatoaster,Turkey,Winter,Yes
109,3.15,Red,Tomatoaster,Spain,Winter,No
52,3.72,Red,Tomatooryx,China,Summer,No
117,7.80,Orange,Tomatooryx,USA,Spring,Yes
52,4.04,Red,Tomatosio,Turkey,Winter,No
105,5.56,Orange,Tomatooryx,Turkey,Summer,Yes
186,5.69,Orange,Obeliskmato,India,Fall,Yes
76,3.85,Dark Red,Tomatooryx,USA,Fall,No
76,3.31,Dark Red,Obeliskmato,Brazil,Fall,No
97,3.38,Red,Tomatooryx,China,Fall,No
180,4.17,Red,Tomatoaster,Brazil,Spring,No
116,4.64,Dark Red,Tomatooryx,India,Summer,Yes
134,5.87,Orange,Tomatoaster,India,Summer,Yes
220,4.71,Red,Tomatosio,Brazil,Fall,No
164,7.64,Orange,Obeliskmato,Turkey,Spring,Yes
111,5.58,Dark Red,Tomatoaster,Spain,Winter,No
141,9.86,Orange,Tomatosio,China,Spring,Yes
124,6.82,Dark Red,Obeliskmato,China,Summer,Yes
154,5.06,Dark Red,Tomatoaster,Brazil,Fall,No
197,4.39,Orange,Tomatooryx,India,Spring,Yes
103,5.65,Dark Red,Tomatooryx,Brazil,Spring,Yes
159,9.97,Dark Red,Tomatoaster,Turkey,Winter,Yes
146,4.78,Dark Red,Tomatosio,Brazil,Spring,No
143,6.35,Orange,Obeliskmato,China,Spring,Yes
175,6.72,Dark Red,Tomatooryx,China,Winter,Yes
206,9.01,Dark Red,Tomatoaster,Brazil,Summer,Yes
96,5.70,Red,Tomatoaster,Turkey,Spring,No
165,6.54,Orange,Obeliskmato,Brazil,Summer,Yes
126,5.16,Orange,Tomatosio,China,Winter,No
59,3.33,Dark Red,Obeliskmato,Brazil,Winter,No
129,4.69,Orange,Obeliskmato,Brazil,Summer,No
199,6.01,Orange,Obeliskmato,India,Spring,Yes
114,5.42,Dark Red,Tomatoaster,Spain,Summer,No
66,5.17,Dark Red,Tomatosio,India,Winter,No
107,5.28,Orange,Tomatooryx,India,Spring,Yes
184,4.33,Dark Red,Tomatooryx,India,Summer,Yes
137,4.85,Dark Red,Tomatoaster,Spain,Spring,No
53,5.17,Dark Red,Tomatooryx,Spain,Winter,No
50,3.45,Dark Red,Tomatosio,Brazil,Fall,No
212,9.61,Orange,Tomatooryx,Turkey,Winter,Yes
199,5.66,Red,Tomatooryx,USA,Winter,Yes
136,9.86,Orange,Tomatoaster,USA,Summer,Yes
83,5.24,Dark Red,Tomatooryx,Spain,Winter,No
184,5.95,Dark Red,Obeliskmato,India,Fall,Yes
175,7.76,Dark Red,Tomatooryx,Turkey,Spring,Yes
156,8.48,Dark Red,Obeliskmato,USA,Spring,Yes
106,6.22,Red,Tomatosio,USA,Summer,No
125,5.32,Orange,Obeliskmato,China,Winter,Yes
184,3.72,Orange,Tomatooryx,China,Summer,Yes
167,7.08,Orange,Tomatooryx,India,Spring,Yes
122,3.23,Dark Red,Tomatoaster,USA,Fall,No
103,4.57,Dark Red,Tomatoaster,Turkey,Fall,No
153,3.11,Dark Red,Tomatoaster,Spain,Winter,No
116,6.00,Red,Obeliskmato,China,Summer,Yes
214,6.38,Red,Obeliskmato,China,Winter,Yes
145,9.20,Orange,Tomatooryx,Brazil,Spring,Yes
68,6.05,Red,Tomatoaster,USA,Winter,No
99,3.83,Red,Tomatooryx,USA,Summer,No
193,6.10,Dark Red,Obeliskmato,Turkey,Spring,Yes
186,4.02,Dark Red,Tomatosio,China,Summer,Yes
140,8.61,Dark Red,Obeliskmato,Turkey,Winter,Yes
216,5.49,Dark Red,Obeliskmato,Brazil,Fall,Yes
140,4.75,Orange,Tomatooryx,Turkey,Summer,Yes
56,9.14,Orange,Obeliskmato,China,Fall,Yes
167,8.96,Dark Red,Tomatoaster,Turkey,Summer,Yes
101,7.96,Orange,Tomatooryx,India,Fall,Yes
160,8.46,Dark Red,Tomatooryx,Turkey,Fall,Yes
64,4.72,Red,Obeliskmato,Spain,Fall,No
116,5.94,Red,Tomatooryx,USA,Winter,No
94,7.87,Dark Red,Tomatoaster,China,Summer,No
212,8.24,Dark Red,Tomatooryx,Turkey,Spring,Yes
201,4.36,Dark Red,Obeliskmato,China,Winter,Yes
153,5.30,Dark Red,Tomatoaster,Spain,Fall,No
225,5.82,Red,Tomatooryx,India,Summer,Yes
135,3.39,Dark Red,Tomatosio,Brazil,Fall,No
109,4.46,Orange,Obeliskmato,China,Summer,Yes
106,4.02,Red,Obeliskmato,Brazil,Fall,No
88,3.87,Red,Tomatoaster,India,Fall,No
113,3.29,Dark Red,Tomatosio,Brazil,Fall,No
196,5.51,Red,Tomatooryx,India,Winter,Yes
124,5.79,Red,Tomatosio,USA,Winter,No
214,3.97,Red,Tomatoaster,Brazil,Fall,No
150,4.78,Dark Red,Tomatooryx,Spain,Winter,No
128,7.42,Orange,Tomatoaster,Turkey,Summer,Yes
202,8.76,Orange,Tomatosio,India,Summer,Yes
131,5.99,Red,Tomatoaster,USA,Fall,No
188,6.40,Red,Tomatooryx,China,Fall,Yes
105,3.99,Dark Red,Tomatoaster,China,Fall,No
131,8.03,Orange,Obeliskmato,Spain,Spring,Yes
130,4.37,Dark Red,Tomatooryx,Brazil,Summer,No
201,3.89,Dark Red,Tomatosio,USA,Summer,Yes
196,9.27,Dark Red,Obeliskmato,Turkey,Spring,Yes
106,4.57,Red,Tomatosio,China,Fall,No
140,5.72,Dark Red,Tomatosio,Brazil,Summer,No
187,8.98,Red,Tomatoaster,Turkey,Winter,Yes
77,3.92,Red,Tomatosio,Spain,Winter,No
120,6.22,Dark Red,Tomatooryx,India,Fall,Yes
130,9.96,Dark Red,Tomatooryx,Spain,Spring,Yes
182,7.77,Dark Red,Tomatooryx,China,Summer,Yes
224,3.62,Red,Obeliskmato,USA,Fall,No
114,5.52,Orange,Tomatooryx,India,Summer,Yes
112,5.58,Red,Tomatoaster,Spain,Winter,No
124,7.34,Orange,Tomatoaster,Turkey,Spring,Yes
208,3.89,Red,Obeliskmato,China,Summer,Yes
121,8.53,Orange,Tomatooryx,USA,Summer,Yes
79,7.78,Red,Obeliskmato,China,Fall,Yes
119,3.11,Dark Red,Obeliskmato,USA,Spring,No
208,3.76,Dark Red,Obeliskmato,USA,Summer,Yes
212,8.88,Dark Red,Tomatooryx,India,Winter,Yes
73,3.53,Dark Red,Tomatosio,USA,Winter,No
123,3.29,Red,Tomatoaster,Spain,Winter,No
81,7.51,Dark Red,Obeliskmato,Turkey,Summer,Yes
190,5.38,Orange,Tomatosio,Spain,Fall,No
150,3.12,Dark Red,Tomatoaster,USA,Summer,No
116,8.85,Dark Red,Obeliskmato,India,Spring,Yes
125,8.79,Dark Red,Tomatoaster,China,Fall,No
126,3.97,Orange,Tomatooryx,Turkey,Spring,No
51,5.53,Dark Red,Tomatosio,Brazil,Winter,No
92,4.06,Red,Tomatoaster,China,Winter,No
135,8.40,Dark Red,Tomatooryx,India,Winter,Yes
99,4.57,Orange,Tomatooryx,Spain,Winter,No
188,7.98,Orange,Tomatosio,China,Summer,Yes
184,7.95,Orange,Tomatooryx,India,Winter,Yes
147,7.42,Orange,Tomatosio,China,Summer,No
86,3.81,Dark Red,Tomatoaster,Brazil,Fall,No
82,8.84,Dark Red,Tomatosio,India,Spring,Yes
177,6.42,Orange,Tomatosio,China,Spring,Yes
112,3.97,Red,Tomatoaster,Spain,Summer,No
135,8.51,Orange,Obeliskmato,India,Fall,Yes
198,5.15,Orange,Tomatooryx,India,Spring,Yes
90,3.95,Red,Tomatooryx,USA,Spring,No
177,7.95,Orange,Tomatoaster,India,Winter,Yes
198,8.07,Orange,Tomatosio,India,Summer,Yes
186,8.08,Orange,Obeliskmato,India,Summer,Yes
133,4.09,Dark Red,Tomatosio,Brazil,Winter,No
128,9.49,Orange,Obeliskmato,India,Summer,Yes
74,4.10,Dark Red,Tomatoaster,Brazil,Winter,No
223,6.07,Dark Red,Tomatooryx,USA,Spring,Yes
72,5.64,Red,Tomatoaster,China,Spring,No
121,8.62,Dark Red,Tomatooryx,India,Winter,Yes
185,6.18,Dark Red,Obeliskmato,India,Winter,Yes
194,8.26,Red,Obeliskmato,Turkey,Spring,Yes
73,3.38,Red,Tomatosio,Spain,Winter,No
136,8.06,Dark Red,Obeliskmato,Brazil,Summer,Yes
111,5.32,Dark Red,Tomatosio,Spain,Fall,No
212,3.03,Dark Red,Obeliskmato,Brazil,Spring,Yes
102,5.85,Dark Red,Tomatoaster,China,Fall,No
191,3.19,Orange,Obeliskmato,China,Summer,Yes
113,6.03,Dark Red,Tomatosio,Spain,Summer,Yes
119,6.89,Red,Tomatoaster,Spain,Fall,No
154,7.52,Orange,Tomatooryx,China,Spring,Yes
95,7.67,Red,Tomatoaster,Brazil,Fall,No
226,9.19,Orange,Obeliskmato,China,Summer,Yes
78,9.94,Red,Tomatoaster,Turkey,Summer,No
134,5.52,Dark Red,Tomatosio,Turkey,Winter,No
150,3.45,Dark Red,Obeliskmato,USA,Summer,Yes
62,7.56,Dark Red,Tomatosio,USA,Fall,No
173,9.90,Orange,Tomatosio,China,Spring,Yes
205,5.71,Dark Red,Tomatoaster,Spain,Spring,No
86,4.75,Red,Tomatooryx,Brazil,Fall,No
87,4.28,Red,Tomatoaster,USA,Winter,No
147,9.82,Orange,Tomatoaster,India,Summer,Yes
115,9.57,Orange,Obeliskmato,Turkey,Winter,Yes
140,5.65,Dark Red,Tomatoaster,Spain,Fall,No
52,4.96,Dark Red,Tomatosio,Spain,Spring,No
216,8.93,Dark Red,Tomatoaster,USA,Winter,No
53,4.03,Red,Obeliskmato,China,Spring,No
151,5.66,Orange,Tomatooryx,China,Winter,Yes
155,8.93,Dark Red,Tomatooryx,India,Winter,Yes
150,4.88,Red,Tomatoaster,USA,Winter,No
119,9.01,Orange,Tomatosio,Turkey,Spring,Yes
89,9.81,Dark Red,Tomatooryx,China,Spring,Yes
84,4.94,Dark Red,Tomatoaster,Brazil,Fall,No
76,3.65,Dark Red,Tomatosio,Brazil,Fall,No
55,5.77,Dark Red,Tomatosio,Spain,Summer,No
227,7.90,Dark Red,Obeliskmato,India,Spring,Yes
73,4.20,Dark Red,Tomatoaster,USA,Winter,No
93,4.89,Dark Red,Tomatosio,USA,Spring,No
112,5.89,Red,Tomatosio,USA,Spring,No
58,5.61,Orange,Tomatosio,USA,Winter,No
108,3.11,Red,Tomatoaster,USA,Spring,No
167,8.65,Dark Red,Obeliskmato,Spain,Spring,Yes
125,3.91,Red,Obeliskmato,Spain,Fall,No
93,3.83,Dark Red,Obeliskmato,USA,Winter,No
210,5.52,Red,Tomatoaster,China,Fall,No
112,5.65,Dark Red,Tomatoaster,Brazil,Summer,Yes
122,3.28,Dark Red,Tomatooryx,Brazil,Winter,No
83,4.26,Orange,Tomatosio,China,Fall,No
194,5.27,Dark Red,Tomatooryx,Brazil,Winter,Yes
202,6.76,Red,Tomatoaster,USA,Winter,Yes
161,9.94,Orange,Tomatosio,Spain,Fall,Yes
187,7.71,Dark Red,Obeliskmato,Spain,Spring,Yes
217,8.92,Orange,Tomatooryx,China,Spring,Yes
133,6.94,Dark Red,Tomatooryx,Spain,Spring,Yes
119,9.79,Orange,Tomatooryx,USA,Winter,Yes
103,8.06,Dark Red,Tomatooryx,India,Summer,Yes
192,4.91,Red,Obeliskmato,USA,Fall,No
138,3.57,Orange,Obeliskmato,Spain,Winter,No
141,5.13,Red,Tomatoaster,Brazil,Winter,No
92,5.07,Red,Tomatosio,Spain,Fall,No
78,4.57,Orange,Tomatooryx,Spain,Winter,No
149,9.60,Dark Red,Tomatooryx,Turkey,Fall,Yes
141,3.90,Orange,Tomatooryx,Turkey,Winter,No
230,9.00,Red,Obeliskmato,India,Fall,Yes
135,7.03,Orange,Tomatooryx,China,Spring,Yes
94,3.91,Dark Red,Tomatoaster,USA,Summer,No
199,8.30,Dark Red,Obeliskmato,Turkey,Spring,Yes
131,4.77,Orange,Obeliskmato,Turkey,Summer,Yes
109,5.14,Orange,Obeliskmato,Turkey,Summer,Yes
83,9.98,Dark Red,Obeliskmato,Brazil,Winter,Yes
201,8.19,Dark Red,Tomatosio,USA,Winter,No
50,8.87,Red,Obeliskmato,India,Winter,Yes
79,7.62,Orange,Tomatoaster,USA,Spring,No
186,7.52,Orange,Tomatosio,USA,Summer,Yes
77,4.09,Red,Obeliskmato,USA,Winter,No
217,5.99,Dark Red,Tomatoaster,Brazil,Spring,No
197,5.43,Red,Tomatooryx,China,Spring,Yes
169,6.48,Red,Tomatooryx,USA,Spring,Yes
85,9.60,Dark Red,Tomatosio,China,Winter,No
168,5.77,Dark Red,Tomatosio,China,Summer,Yes
134,3.31,Dark Red,Obeliskmato,USA,Winter,No
113,3.11,Red,Tomatooryx,China,Fall,No
72,5.30,Red,Tomatooryx,Brazil,Fall,No
152,7.63,Orange,Tomatooryx,India,Spring,Yes
71,5.53,Dark Red,Tomatosio,USA,Fall,No
111,7.10,Dark Red,Tomatoaster,China,Fall,Yes
218,7.00,Dark Red,Tomatooryx,Turkey,Summer,Yes
181,8.45,Dark Red,Tomatoaster,Turkey,Winter,No
114,9.55,Orange,Tomatoaster,Spain,Summer,No
162,9.99,Dark Red,Tomatooryx,India,Spring,Yes
136,5.97,Red,Tomatoaster,USA,Winter,No
123,7.51,Dark Red,Tomatosio,USA,Fall,Yes
145,5.14,Red,Tomatosio,India,Summer,No
109,5.58,Dark Red,Obeliskmato,Turkey,Spring,No
60,4.50,Red,Tomatosio,China,Fall,No
193,6.71,Dark Red,Obeliskmato,China,Summer,Yes
126,5.58,Red,Tomatoaster,India,Spring,No
136,6.07,Orange,Obeliskmato,Brazil,Summer,Yes
166,6.01,Dark Red,Obeliskmato,Turkey,Summer,Yes
201,4.99,Red,Tomatooryx,Brazil,Winter,No
50,3.27,Red,Obeliskmato,USA,Spring,No
189,9.09,Orange,Tomatooryx,Spain,Winter,Yes
52,4.74,Orange,Tomatosio,Spain,Fall,No
150,3.10,Dark Red,Tomatooryx,USA,Winter,No
103,5.12,Orange,Obeliskmato,Brazil,Summer,Yes
70,4.41,Dark Red,Tomatosio,USA,Winter,No
138,3.30,Dark Red,Tomatosio,Turkey,Fall,No
82,7.23,Dark Red,Tomatoaster,Brazil,Fall,No
159,9.23,Dark Red,Tomatooryx,Spain,Summer,Yes
213,8.14,Orange,Tomatooryx,Spain,Spring,Yes
191,8.78,Dark Red,Tomatooryx,Turkey,Spring,Yes
87,5.39,Dark Red,Tomatoaster,Turkey,Winter,No
78,5.21,Dark Red,Tomatoaster,USA,Winter,No
142,3.40,Dark Red,Tomatoaster,India,Spring,Yes
170,7.46,Dark Red,Tomatooryx,Turkey,Spring,Yes
131,8.74,Red,Tomatooryx,China,Fall,Yes
174,3.71,Orange,Tomatoaster,Turkey,Summer,Yes
132,5.95,Red,Tomatosio,USA,Summer,No
91,5.87,Dark Red,Tomatosio,USA,Winter,No
144,9.20,Orange,Obeliskmato,Spain,Winter,No
114,8.92,Dark Red,Tomatoaster,Turkey,Summer,Yes
168,4.60,Dark Red,Tomatoaster,Spain,Fall,No
132,7.80,Orange,Tomatooryx,Turkey,Spring,Yes
182,7.41,Dark Red,Tomatoaster,Turkey,Spring,Yes
195,6.16,Dark Red,Tomatoaster,India,Summer,Yes
195,7.18,Orange,Obeliskmato,Spain,Winter,Yes
192,6.13,Orange,Tomatooryx,Spain,Winter,Yes
130,3.44,Red,Tomatosio,Brazil,Fall,No
54,5.86,Red,Tomatosio,Brazil,Winter,No
125,9.91,Dark Red,Tomatooryx,India,Summer,Yes
107,3.54,Dark Red,Tomatooryx,Turkey,Spring,Yes
117,5.90,Dark Red,Tomatoaster,USA,Fall,No
52,3.18,Dark Red,Tomatoaster,USA,Summer,No
103,9.29,Dark Red,Obeliskmato,China,Winter,Yes
115,7.32,Orange,Tomatoaster,India,Summer,Yes
107,5.22,Red,Obeliskmato,Brazil,Fall,No
186,6.10,Orange,Tomatoaster,China,Summer,Yes
130,7.86,Dark Red,Tomatooryx,India,Spring,Yes
227,7.01,Orange,Obeliskmato,Turkey,Summer,Yes
118,3.82,Orange,Tomatosio,USA,Spring,No
206,5.22,Red,Tomatosio,USA,Winter,No
76,5.32,Dark Red,Obeliskmato,Brazil,Fall,No
66,3.03,Dark Red,Obeliskmato,Spain,Fall,No
67,4.64,Red,Tomatosio,Brazil,Fall,No
205,7.91,Dark Red,Obeliskmato,Turkey,Summer,Yes
175,4.74,Dark Red,Tomatooryx,India,Winter,Yes
70,5.56,Dark Red,Obeliskmato,Spain,Fall,No
143,5.69,Dark Red,Obeliskmato,India,Spring,Yes
195,8.95,Orange,Obeliskmato,India,Spring,Yes
112,7.49,Dark Red,Obeliskmato,India,Spring,Yes
132,6.59,Red,Tomatosio,Brazil,Fall,No
134,3.52,Orange,Obeliskmato,Turkey,Summer,Yes
135,9.03,Dark Red,Tomatooryx,Turkey,Summer,Yes
131,3.74,Dark Red,Obeliskmato,USA,Winter,No
90,4.42,Orange,Obeliskmato,Spain,Spring,Yes
131,6.72,Dark Red,Tomatoaster,China,Spring,Yes
125,6.24,Orange,Tomatosio,Brazil,Winter,Yes
198,9.38,Orange,Obeliskmato,India,Summer,Yes
121,6.05,Red,Obeliskmato,Turkey,Fall,Yes
68,4.84,Red,Tomatosio,India,Spring,No
160,5.99,Red,Tomatooryx,Spain,Winter,No
120,5.22,Dark Red,Tomatooryx,USA,Winter,Yes
141,5.30,Dark Red,Obeliskmato,Turkey,Summer,Yes
99,4.53,Dark Red,Tomatosio,USA,Fall,No
56,9.44,Dark Red,Tomatoaster,USA,Winter,No
111,8.30,Orange,Tomatooryx,China,Winter,Yes
76,4.25,Dark Red,Tomatooryx,Brazil,Fall,No
100,5.93,Dark Red,Tomatoaster,China,Fall,No
106,8.88,Dark Red,Tomatooryx,Turkey,Summer,No
140,5.02,Red,Obeliskmato,USA,Summer,No
142,5.68,Red,Tomatosio,Brazil,Summer,No
103,8.99,Dark Red,Tomatooryx,China,Fall,Yes
64,9.01,Red,Obeliskmato,Brazil,Summer,No
54,4.62,Dark Red,Tomatooryx,Spain,Spring,No
129,9.85,Red,Obeliskmato,Turkey,Spring,Yes
204,8.00,Dark Red,Tomatooryx,China,Summer,Yes
58,8.41,Dark Red,Obeliskmato,Spain,Winter,No
100,4.68,Red,Tomatoaster,USA,Summer,No
189,8.51,Dark Red,Tomatooryx,India,Summer,Yes
87,5.83,Dark Red,Tomatoaster,China,Winter,No
131,6.43,Orange,Tomatoaster,Turkey,Summer,Yes
128,5.82,Orange,Tomatooryx,USA,Summer,Yes
51,7.05,Red,Tomatosio,USA,Spring,No
77,4.84,Dark Red,Tomatooryx,Brazil,Fall,No
156,5.11,Dark Red,Obeliskmato,India,Fall,Yes
130,8.75,Red,Tomatosio,Spain,Fall,No
83,7.23,Red,Tomatosio,China,Winter,No
122,4.83,Dark Red,Tomatoaster,USA,Spring,No
133,5.50,Dark Red,Obeliskmato,USA,Winter,No
82,6.42,Orange,Tomatooryx,Turkey,Spring,Yes
210,8.59,Dark Red,Tomatosio,USA,Summer,Yes
135,4.57,Dark Red,Tomatooryx,China,Spring,No
124,5.42,Dark Red,Tomatooryx,Turkey,Summer,Yes
205,5.13,Dark Red,Tomatooryx,China,Winter,Yes
144,4.08,Dark Red,Tomatoaster,Brazil,Fall,No
139,4.17,Red,Tomatoaster,USA,Summer,No
216,4.98,Red,Tomatooryx,USA,Spring,No
178,6.43,Orange,Tomatooryx,USA,Summer,Yes
74,7.23,Dark Red,Obeliskmato,Turkey,Summer,Yes
162,5.91,Orange,Tomatooryx,Brazil,Spring,Yes
112,4.11,Dark Red,Tomatoaster,Spain,Fall,No
157,5.48,Dark Red,Obeliskmato,Turkey,Spring,Yes
56,4.85,Dark Red,Tomatooryx,USA,Summer,No
127,5.96,Dark Red,Tomatoaster,Spain,Winter,No
191,6.82,Dark Red,Tomatooryx,China,Spring,Yes
147,8.57,Dark Red,Obeliskmato,Spain,Spring,Yes
98,4.26,Red,Tomatoaster,USA,Fall,No
208,5.67,Dark Red,Obeliskmato,Brazil,Fall,Yes
109,7.94,Orange,Tomatosio,Brazil,Winter,No
102,3.66,Dark Red,Obeliskmato,India,Summer,No
180,3.99,Dark Red,Tomatooryx,Brazil,Winter,No
140,6.39,Dark Red,Tomatosio,USA,Fall,No
89,4.78,Dark Red,Tomatosio,USA,Winter,No
180,8.25,Orange,Obeliskmato,China,Spring,Yes
72,5.56,Red,Tomatosio,China,Fall,No
108,6.65,Orange,Tomatooryx,Spain,Spring,Yes
157,5.36,Dark Red,Tomatooryx,China,Spring,Yes
115,3.91,Red,Tomatoaster,Spain,Fall,No
50,5.69,Dark Red,Tomatosio,Brazil,Winter,No
197,3.19,Orange,Obeliskmato,Turkey,Spring,Yes
145,5.01,Red,Tomatooryx,India,Winter,No
96,5.52,Dark Red,Obeliskmato,USA,Fall,No
118,7.90,Dark Red,Obeliskmato,India,Spring,Yes
101,3.82,Orange,Tomatooryx,Turkey,Spring,Yes
108,9.89,Dark Red,Tomatooryx,Turkey,Winter,Yes
114,5.80,Dark Red,Tomatoaster,China,Spring,Yes
131,6.55,Red,Tomatosio,India,Fall,Yes
122,7.06,Orange,Obeliskmato,India,Summer,Yes
212,9.37,Orange,Obeliskmato,China,Spring,Yes
139,6.94,Orange,Tomatooryx,Turkey,Summer,Yes
148,5.60,Dark Red,Obeliskmato,China,Spring,Yes
53,7.46,Dark Red,Tomatosio,Spain,Fall,No
113,6.73,Dark Red,Tomatooryx,USA,Winter,No
110,4.01,Orange,Tomatooryx,India,Summer,Yes
223,8.28,Dark Red,Tomatooryx,Turkey,Winter,Yes
66,4.95,Dark Red,Tomatosio,USA,Fall,No
192,3.59,Red,Tomatoaster,Brazil,Spring,No
188,4.92,Orange,Tomatoaster,China,Spring,Yes
117,4.82,Orange,Tomatoaster,Spain,Summer,Yes
175,8.23,Dark Red,Obeliskmato,India,Summer,Yes
131,6.05,Dark Red,Tomatosio,Turkey,Spring,Yes
129,5.70,Dark Red,Tomatooryx,Spain,Spring,Yes
215,5.29,Orange,Tomatooryx,India,Fall,Yes
133,4.45,Dark Red,Obeliskmato,China,Winter,Yes
212,4.94,Dark Red,Obeliskmato,Spain,Fall,No
200,5.19,Orange,Obeliskmato,Turkey,Summer,Yes
114,5.57,Dark Red,Tomatoaster,Spain,Fall,No
168,4.69,Orange,Tomatoaster,USA,Winter,No
130,8.29,Dark Red,Obeliskmato,Brazil,Fall,Yes
126,6.16,Orange,Tomatooryx,China,Fall,Yes
93,4.55,Red,Tomatooryx,USA,Winter,No
228,5.56,Orange,Obeliskmato,Turkey,Summer,Yes
53,8.77,Dark Red,Tomatooryx,Brazil,Fall,No
171,7.18,Dark Red,Obeliskmato,Turkey,Summer,Yes
78,8.06,Red,Tomatosio,USA,Winter,No
138,9.10,Dark Red,Obeliskmato,India,Summer,Yes
132,5.93,Dark Red,Obeliskmato,Turkey,Summer,Yes
124,3.95,Red,Tomatoaster,Turkey,Spring,Yes
200,5.33,Dark Red,Obeliskmato,India,Summer,Yes
59,5.29,Red,Tomatosio,USA,Winter,No
87,3.56,Dark Red,Obeliskmato,Brazil,Winter,No
199,9.70,Orange,Tomatooryx,India,Spring,Yes
106,8.08,Orange,Obeliskmato,Turkey,Spring,Yes
119,3.59,Dark Red,Tomatoaster,Spain,Fall,No
113,6.89,Red,Tomatoaster,Brazil,Winter,No
139,5.16,Dark Red,Tomatosio,India,Summer,No
141,5.47,Red,Tomatosio,India,Spring,Yes
114,8.49,Orange,Tomatosio,Brazil,Spring,Yes
106,6.88,Orange,Obeliskmato,India,Spring,Yes
218,7.20,Dark Red,Obeliskmato,China,Spring,Yes
177,3.28,Dark Red,Obeliskmato,Brazil,Summer,Yes
124,4.11,Dark Red,Tomatoaster,Spain,Fall,No
105,4.33,Dark Red,Tomatoaster,USA,Winter,No
138,5.89,Red,Tomatosio,Spain,Winter,No
59,3.41,Dark Red,Tomatosio,Brazil,Winter,No
76,4.09,Dark Red,Tomatosio,USA,Winter,No
133,6.79,Red,Tomatoaster,Turkey,Spring,Yes
134,4.34,Red,Tomatooryx,Brazil,Spring,No
227,3.25,Dark Red,Tomatooryx,Spain,Winter,No
61,4.63,Dark Red,Tomatosio,USA,Summer,No
201,8.13,Red,Tomatooryx,India,Summer,Yes
135,5.92,Red,Tomatosio,Spain,Fall,No
229,9.89,Orange,Tomatoaster,India,Spring,Yes
96,5.00,Dark Red,Tomatosio,Spain,Winter,No
133,9.82,Orange,Tomatosio,China,Summer,Yes
112,8.87,Orange,Tomatooryx,Spain,Winter,Yes
106,9.93,Orange,Tomatooryx,India,Summer,Yes
52,5.58,Dark Red,Tomatosio,Turkey,Fall,No
133,6.49,Orange,Obeliskmato,India,Spring,Yes
179,8.82,Dark Red,Tomatooryx,Brazil,Summer,Yes
150,4.87,Orange,Tomatoaster,India,Fall,Yes
63,4.40,Dark Red,Tomatoaster,Brazil,Summer,No
159,7.70,Orange,Tomatoaster,Turkey,Winter,Yes
50,9.55,Dark Red,Obeliskmato,USA,Fall,No
120,9.89,Orange,Tomatooryx,China,Fall,Yes
204,9.69,Dark Red,Tomatoaster,Brazil,Winter,Yes
154,7.39,Dark Red,Tomatooryx,China,Spring,Yes
95,4.14,Dark Red,Tomatoaster,Spain,Winter,No
52,9.38,Dark Red,Tomatosio,Brazil,Fall,No
118,5.88,Red,Tomatoaster,Spain,Fall,No
107,9.06,Dark Red,Tomatooryx,China,Spring,Yes
168,3.20,Orange,Obeliskmato,India,Spring,Yes
133,5.05,Dark Red,Obeliskmato,China,Summer,Yes
